Frame_No,Template_No,x,y,mx,my
2,1,100,237,99.95316,236.97028
2,2,215,226,214.99567,225.96161
2,3,368,194,367.99335,193.98688
2,4,675,218,675.0038,217.99574
2,5,1062,48,1061.993,48.012085
2,6,818,434,817.9789,433.99808
3,1,100,237,99.57765,236.8616
3,2,215,226,214.62587,225.74623
3,3,368,194,367.794,193.868
3,4,675,218,674.9637,217.97897
3,5,1062,48,1061.2759,48.125698
3,6,818,434,817.9035,434.1211
4,1,100,237,99.792366,236.82758
4,2,215,226,214.83441,225.70992
4,3,368,194,367.82895,193.87097
4,4,675,218,675.0069,218.00818
4,5,1062,48,1061.2107,48.413338
4,6,818,434,817.91534,434.09857
5,1,100,237,99.66182,236.28304
5,2,215,226,214.7027,225.34332
5,3,368,194,367.78476,193.37193
5,4,675,218,675.03644,217.55594
5,5,1062,48,1061.0177,47.95381
5,6,818,434,817.9087,433.38657
6,1,100,237,100.134674,236.00804
6,2,215,226,215.19365,225.04982
6,3,368,194,368.4359,193.16455
6,4,675,218,675.4121,217.02667
6,5,1062,48,1061.488,47.850212
6,6,818,434,818.2932,432.91168
7,1,100,237,100.018715,235.82442
7,2,215,226,215.07605,224.79517
7,3,368,194,368.08145,192.84995
7,4,675,218,675.33386,216.68454
7,5,1062,48,1061.0986,47.242046
7,6,818,434,818.1952,432.64246
8,1,100,237,100.04316,235.85513
8,2,215,226,215.11446,224.83356
8,3,368,194,368.5352,192.90628
8,4,675,218,675.3446,216.65352
8,5,1062,48,1061.1302,47.24605
8,6,818,434,818.38446,432.6166
9,1,100,237,100.03742,235.49896
9,2,215,226,215.11218,224.30807
9,3,368,194,368.66647,192.62276
9,4,675,218,675.4131,216.09683
9,5,1062,48,1061.2506,46.995895
9,6,818,434,818.7256,432.27545
10,1,100,237,99.99591,235.76115
10,2,215,226,215.0277,224.75316
10,3,368,194,368.5664,192.85466
10,4,675,218,675.592,216.9421
10,5,1062,48,1061.1289,47.244907
10,6,818,434,818.66315,432.4379
11,1,100,237,100.05932,234.986
11,2,215,226,215.18655,223.94347
11,3,368,194,368.5477,192.0335
11,4,675,218,675.5203,216.14648
11,5,1062,48,1061.0681,46.255455
11,6,818,434,818.8439,431.56064
12,1,100,237,100.0076,235.42659
12,2,215,226,215.02191,224.33884
12,3,368,194,368.3156,192.28853
12,4,675,218,675.4752,215.96928
12,5,1062,48,1060.9653,46.440334
12,6,818,434,818.86487,431.72787
13,1,100,237,100.33909,235.06651
13,2,215,226,215.32307,223.95578
13,3,368,194,368.76855,191.89891
13,4,675,218,675.9349,215.71617
13,5,1062,48,1061.0876,45.9857
13,6,818,434,819.1556,431.02097
14,1,100,237,99.87301,235.00043
14,2,215,226,214.9816,223.97534
14,3,368,194,368.34406,191.80495
14,4,675,218,675.13965,215.27554
14,5,1062,48,1060.7874,45.85609
14,6,818,434,818.735,430.79233
15,1,100,237,99.97285,235.06535
15,2,215,226,215.05559,223.9641
15,3,368,194,368.5973,191.82497
15,4,675,218,675.5158,215.32892
15,5,1062,48,1061.1061,45.56937
15,6,818,434,818.87024,430.46448
16,1,100,237,99.82324,235.5377
16,2,215,226,214.98384,224.02324
16,3,368,194,368.34744,191.67957
16,4,675,218,675.48315,214.92929
16,5,1062,48,1060.5217,45.15908
16,6,818,434,818.8888,430.0792
17,1,100,237,100.24772,235.61473
17,2,215,226,215.26628,224.1527
17,3,368,194,368.83536,191.70651
17,4,675,218,676.0301,214.85535
17,5,1062,48,1060.7124,44.84518
17,6,818,434,819.8351,429.76144
18,1,100,237,100.21957,235.6043
18,2,215,226,215.15462,224.07782
18,3,368,194,368.61127,191.44443
18,4,675,218,675.80927,214.23083
18,5,1062,48,1059.9657,43.851425
18,6,818,434,819.8794,429.0824
19,1,100,237,100.187965,236.09233
19,2,215,226,215.34256,224.62016
19,3,368,194,368.83124,191.91745
19,4,675,218,675.6012,214.48656
19,5,1062,48,1059.8033,43.878654
19,6,818,434,819.94824,429.09525
20,1,100,237,100.80767,236.1009
20,2,215,226,215.95352,224.63232
20,3,368,194,368.9806,191.77061
20,4,675,218,675.70013,214.21024
20,5,1062,48,1059.879,43.135345
20,6,818,434,820.3008,428.7243
21,1,100,237,101.21306,236.643
21,2,215,226,216.0641,224.93536
21,3,368,194,369.00986,191.94089
21,4,675,218,675.6358,214.1558
21,5,1062,48,1059.4442,43.080173
21,6,818,434,820.0296,428.42392
22,1,100,237,101.23901,236.6748
22,2,215,226,216.12466,224.85614
22,3,368,194,369.05887,191.91827
22,4,675,218,675.6231,213.91861
22,5,1062,48,1059.4404,42.434113
22,6,818,434,820.07886,427.73395
23,1,100,237,101.201965,236.50337
23,2,215,226,216.12936,224.69588
23,3,368,194,369.14517,191.63744
23,4,675,218,675.65295,213.23468
23,5,1062,48,1059.6359,41.603233
23,6,818,434,820.34174,426.82034
24,1,100,237,101.05552,236.47797
24,2,215,226,216.18642,224.59451
24,3,368,194,369.27057,191.53963
24,4,675,218,676.0184,213.0669
24,5,1062,48,1059.9688,41.468914
24,6,818,434,820.66846,426.4408
25,1,100,237,100.90193,236.14565
25,2,215,226,215.95496,224.16893
25,3,368,194,369.2657,190.96025
25,4,675,218,676.0596,212.32683
25,5,1062,48,1060.0731,40.919144
25,6,818,434,820.67236,426.13544
26,1,100,237,100.8337,236.54208
26,2,215,226,215.95845,224.29036
26,3,368,194,369.13214,191.12354
26,4,675,218,676.18555,212.33777
26,5,1062,48,1060.0328,40.929405
26,6,818,434,820.7295,426.28522
27,1,100,237,100.61299,236.48628
27,2,215,226,215.99083,224.34283
27,3,368,194,369.23483,191.14795
27,4,675,218,676.1664,212.49742
27,5,1062,48,1060.0406,40.924854
27,6,818,434,821.1184,426.23325
28,1,100,237,101.06068,236.39194
28,2,215,226,216.27147,224.30559
28,3,368,194,369.81534,191.03882
28,4,675,218,677.0737,212.50749
28,5,1062,48,1060.2867,40.568405
28,6,818,434,821.5751,426.35645
29,1,100,237,101.07076,236.1
29,2,215,226,216.35335,224.24205
29,3,368,194,369.88214,190.94904
29,4,675,218,676.8909,212.38683
29,5,1062,48,1060.319,40.533043
29,6,818,434,821.46796,426.25558
30,1,100,237,100.58877,236.33818
30,2,215,226,215.96074,224.22655
30,3,368,194,369.55664,191.05426
30,4,675,218,676.939,212.64381
30,5,1062,48,1059.8933,40.84678
30,6,818,434,821.0535,426.59396
31,1,100,237,101.05691,236.3879
31,2,215,226,216.4047,224.3168
31,3,368,194,370.15356,190.95921
31,4,675,218,677.17975,212.29897
31,5,1062,48,1060.0312,40.816517
31,6,818,434,821.7924,426.3062
32,1,100,237,100.98077,236.40334
32,2,215,226,216.26093,224.23737
32,3,368,194,369.89664,190.92453
32,4,675,218,676.9721,212.21288
32,5,1062,48,1059.4783,40.5635
32,6,818,434,821.85675,426.06827
33,1,100,237,101.80622,236.52579
33,2,215,226,216.94598,224.37662
33,3,368,194,370.6561,190.99866
33,4,675,218,677.79834,212.25084
33,5,1062,48,1059.9703,40.58448
33,6,818,434,822.16,426.1386
34,1,100,237,102.0477,236.53683
34,2,215,226,217.2387,224.37709
34,3,368,194,370.8021,190.95374
34,4,675,218,677.8563,212.14944
34,5,1062,48,1059.9703,40.58448
34,6,818,434,822.60565,426.03586
35,1,100,237,101.92913,236.34123
35,2,215,226,217.19684,224.14525
35,3,368,194,370.78,190.84114
35,4,675,218,677.78455,212.06052
35,5,1062,48,1059.6039,40.332214
35,6,818,434,822.341,425.6772
36,1,100,237,102.040924,236.02518
36,2,215,226,217.15242,223.94272
36,3,368,194,370.75674,190.71286
36,4,675,218,677.675,211.94432
36,5,1062,48,1059.6296,40.6382
36,6,818,434,821.9827,425.49414
37,1,100,237,102.02564,236.04683
37,2,215,226,217.32924,223.81606
37,3,368,194,371.00113,190.60727
37,4,675,218,677.9494,211.868
37,5,1062,48,1059.8954,40.938873
37,6,818,434,822.1281,425.59653
38,1,100,237,102.29413,235.71857
38,2,215,226,217.52872,223.74521
38,3,368,194,371.22852,190.36134
38,4,675,218,678.3494,211.67145
38,5,1062,48,1060.1422,41.209007
38,6,818,434,822.2433,425.079
39,1,100,237,101.98742,235.01112
39,2,215,226,217.38132,222.97278
39,3,368,194,371.15253,189.8584
39,4,675,218,678.1246,211.24284
39,5,1062,48,1060.1195,40.89554
39,6,818,434,822.2667,424.74826
40,1,100,237,102.02571,235.02934
40,2,215,226,217.4348,222.96991
40,3,368,194,371.1919,189.78789
40,4,675,218,678.10925,211.38588
40,5,1062,48,1060.2295,41.045578
40,6,818,434,822.37573,424.8154
41,1,100,237,102.03482,235.08202
41,2,215,226,217.36624,223.08696
41,3,368,194,371.16235,189.96596
41,4,675,218,678.38007,211.51164
41,5,1062,48,1060.2544,41.110764
41,6,818,434,822.2484,425.31863
42,1,100,237,102.068115,235.12001
42,2,215,226,217.44388,223.09842
42,3,368,194,371.13647,190.00633
42,4,675,218,678.0936,211.46323
42,5,1062,48,1060.2917,41.110184
42,6,818,434,822.68823,425.39252
43,1,100,237,102.15569,234.90378
43,2,215,226,217.36766,222.95003
43,3,368,194,371.08258,189.73483
43,4,675,218,678.1476,211.04256
43,5,1062,48,1059.9456,40.143932
43,6,818,434,822.6388,424.7774
44,1,100,237,102.885895,234.73586
44,2,215,226,218.01865,222.69077
44,3,368,194,371.3017,189.26555
44,4,675,218,678.2119,210.33325
44,5,1062,48,1060.3224,39.403202
44,6,818,434,823.125,423.9546
45,1,100,237,103.03215,235.00232
45,2,215,226,218.18013,222.74054
45,3,368,194,371.33536,189.29294
45,4,675,218,678.0905,210.18304
45,5,1062,48,1060.359,38.657185
45,6,818,434,823.41534,423.61197
46,1,100,237,103.47065,235.13524
46,2,215,226,218.67029,223.03659
46,3,368,194,371.48993,189.3498
46,4,675,218,678.499,209.72571
46,5,1062,48,1060.8705,37.86947
46,6,818,434,823.6748,422.9746
47,1,100,237,103.2521,235.30634
47,2,215,226,218.519,223.13078
47,3,368,194,371.30026,189.42917
47,4,675,218,678.2583,209.79407
47,5,1062,48,1060.909,37.55854
47,6,818,434,823.0003,423.05307
48,1,100,237,103.29504,235.16765
48,2,215,226,218.46051,222.84583
48,3,368,194,371.44684,189.11794
48,4,675,218,678.5653,209.95749
48,5,1062,48,1061.0553,36.944576
48,6,818,434,823.1171,423.0042
49,1,100,237,103.04145,235.20822
49,2,215,226,218.22786,222.94453
49,3,368,194,371.2772,189.35832
49,4,675,218,678.2422,209.68944
49,5,1062,48,1060.5497,37.17239
49,6,818,434,822.88617,422.85593
50,1,100,237,103.33159,235.50656
50,2,215,226,218.38812,223.06119
50,3,368,194,371.27747,189.43277
50,4,675,218,678.18634,209.70972
50,5,1062,48,1060.0623,37.24638
50,6,818,434,823.35077,422.65634
51,1,100,237,103.58485,235.35106
51,2,215,226,218.69952,222.78537
51,3,368,194,371.54263,188.98055
51,4,675,218,678.2026,208.81836
51,5,1062,48,1060.0151,35.925327
51,6,818,434,823.5883,421.724
52,1,100,237,104.311325,235.50447
52,2,215,226,219.11075,222.93028
52,3,368,194,371.94012,188.97456
52,4,675,218,678.1704,208.4545
52,5,1062,48,1060.405,35.348583
52,6,818,434,823.7389,421.55853
53,1,100,237,104.30425,235.51585
53,2,215,226,219.08978,222.93372
53,3,368,194,371.9667,189.024
53,4,675,218,678.6497,208.80174
53,5,1062,48,1060.5438,35.25359
53,6,818,434,823.64746,421.2902
54,1,100,237,104.303276,235.55931
54,2,215,226,219.06969,222.93622
54,3,368,194,371.9891,189.0664
54,4,675,218,678.38257,208.12888
54,5,1062,48,1060.6085,34.942947
54,6,818,434,823.60583,420.9811
55,1,100,237,104.19436,236.00528
55,2,215,226,219.17484,223.35709
55,3,368,194,372.12042,189.14163
55,4,675,218,678.9724,208.66483
55,5,1062,48,1060.661,35.0943
55,6,818,434,823.67175,421.2671
56,1,100,237,103.94147,236.0565
56,2,215,226,218.96779,223.37367
56,3,368,194,372.15204,189.1731
56,4,675,218,678.9918,208.6282
56,5,1062,48,1060.4149,35.16716
56,6,818,434,823.7996,421.21994
57,1,100,237,103.93326,235.82976
57,2,215,226,219.06296,223.05089
57,3,368,194,372.29108,188.8827
57,4,675,218,678.8045,208.4086
57,5,1062,48,1060.407,35.05718
57,6,818,434,823.86646,421.00748
58,1,100,237,104.03284,235.53424
58,2,215,226,219.21684,222.71674
58,3,368,194,372.68912,188.75574
58,4,675,218,679.52655,208.45093
58,5,1062,48,1060.6753,35.11112
58,6,818,434,824.3292,420.9544
59,1,100,237,103.73742,235.57768
59,2,215,226,218.97275,222.86197
59,3,368,194,372.30072,188.72531
59,4,675,218,679.0893,208.32341
59,5,1062,48,1060.1144,35.34769
59,6,818,434,824.0628,421.12872
60,1,100,237,103.83352,235.54253
60,2,215,226,219.07957,222.86008
60,3,368,194,372.62103,188.78125
60,4,675,218,679.8334,208.56383
60,5,1062,48,1060.3236,35.372364
60,6,818,434,824.128,421.2678
61,1,100,237,103.92725,235.2506
61,2,215,226,219.17195,222.71625
61,3,368,194,372.74915,188.68365
61,4,675,218,679.8904,208.54924
61,5,1062,48,1060.3685,35.629345
61,6,818,434,824.46643,421.1054
62,1,100,237,103.94233,235.22968
62,2,215,226,219.15295,222.71172
62,3,368,194,372.74765,188.74776
62,4,675,218,679.8462,208.68283
62,5,1062,48,1060.1904,35.9402
62,6,818,434,824.4079,421.24985
63,1,100,237,103.97462,234.79407
63,2,215,226,219.10031,222.34743
63,3,368,194,372.79904,188.55605
63,4,675,218,679.5578,208.4734
63,5,1062,48,1060.6453,36.002457
63,6,818,434,824.26514,421.34763
64,1,100,237,103.896904,234.54306
64,2,215,226,219.01021,222.16217
64,3,368,194,372.6207,188.49142
64,4,675,218,679.7695,208.917
64,5,1062,48,1060.7561,36.954838
64,6,818,434,823.62573,421.64987
65,1,100,237,103.09959,234.08849
65,2,215,226,218.62935,221.9706
65,3,368,194,372.32602,188.29724
65,4,675,218,679.5621,209.32004
65,5,1062,48,1060.903,37.957085
65,6,818,434,823.3296,422.24344
66,1,100,237,102.61482,233.3611
66,2,215,226,218.22772,221.19374
66,3,368,194,372.17044,187.88814
66,4,675,218,679.6561,209.11693
66,5,1062,48,1061.0571,38.167095
66,6,818,434,823.29645,422.038
67,1,100,237,102.261566,232.88835
67,2,215,226,217.89108,220.83792
67,3,368,194,371.89975,187.43817
67,4,675,218,679.61945,209.03662
67,5,1062,48,1060.8564,38.027016
67,6,818,434,822.9851,421.7821
68,1,100,237,101.97243,233.30533
68,2,215,226,217.78223,221.27016
68,3,368,194,372.04956,187.80548
68,4,675,218,679.68726,209.10837
68,5,1062,48,1060.6664,38.22845
68,6,818,434,823.6781,422.1801
69,1,100,237,102.442055,233.73862
69,2,215,226,217.92522,221.57146
69,3,368,194,371.92352,188.02737
69,4,675,218,679.5665,209.26137
69,5,1062,48,1060.5844,37.93965
69,6,818,434,823.90643,422.25024
70,1,100,237,103.12084,233.62827
70,2,215,226,218.46863,221.32962
70,3,368,194,372.26016,187.88313
70,4,675,218,679.9203,208.90318
70,5,1062,48,1061.0487,37.248123
70,6,818,434,824.18726,422.14703
71,1,100,237,102.75129,233.19225
71,2,215,226,218.14453,221.03096
71,3,368,194,372.12036,187.66814
71,4,675,218,679.51514,209.05914
71,5,1062,48,1061.0464,37.247787
71,6,818,434,823.15173,422.16183
72,1,100,237,102.64028,232.84283
72,2,215,226,218.25038,220.71455
72,3,368,194,372.17133,187.39174
72,4,675,218,679.78284,208.94154
72,5,1062,48,1061.6505,37.595356
72,6,818,434,823.1645,422.1919
73,1,100,237,101.76729,232.27289
73,2,215,226,217.59204,220.14786
73,3,368,194,371.7731,186.8921
73,4,675,218,679.3366,208.16142
73,5,1062,48,1061.0471,37.219456
73,6,818,434,822.93243,421.73944
74,1,100,237,101.6099,232.31047
74,2,215,226,217.56099,220.15622
74,3,368,194,371.7819,186.87148
74,4,675,218,679.4355,207.94801
74,5,1062,48,1060.9707,37.19605
74,6,818,434,823.2288,421.51245
75,1,100,237,101.85889,232.45876
75,2,215,226,217.7392,220.27197
75,3,368,194,371.88483,186.87029
75,4,675,218,679.7406,208.20541
75,5,1062,48,1060.9204,37.134533
75,6,818,434,823.96936,421.52353
76,1,100,237,102.347885,232.72333
76,2,215,226,217.917,220.39221
76,3,368,194,371.97543,186.86217
76,4,675,218,679.788,208.17853
76,5,1062,48,1060.7938,36.68663
76,6,818,434,824.17505,421.62915
77,1,100,237,102.35614,232.73402
77,2,215,226,217.93903,220.41132
77,3,368,194,371.993,186.85852
77,4,675,218,679.71765,208.06718
77,5,1062,48,1060.3854,36.337364
77,6,818,434,823.8136,421.39142
78,1,100,237,102.35848,232.7261
78,2,215,226,217.95988,220.42929
78,3,368,194,372.0124,186.85439
78,4,675,218,679.6731,207.968
78,5,1062,48,1060.3969,36.15026
78,6,818,434,823.4963,421.01624
79,1,100,237,102.38939,232.75894
79,2,215,226,217.93947,220.46712
79,3,368,194,372.02322,186.82602
79,4,675,218,679.66437,207.93596
79,5,1062,48,1060.3951,36.149963
79,6,818,434,823.5581,420.98987
80,1,100,237,102.41977,232.78436
80,2,215,226,217.95247,220.48256
80,3,368,194,372.06458,186.84778
80,4,675,218,679.86334,207.89641
80,5,1062,48,1060.7295,36.409954
80,6,818,434,823.6701,421.16965
81,1,100,237,102.18867,232.50914
81,2,215,226,217.80754,220.34161
81,3,368,194,372.0822,186.76318
81,4,675,218,679.77045,207.87088
81,5,1062,48,1060.4666,36.54963
81,6,818,434,823.4722,421.07794
82,1,100,237,101.8792,232.55237
82,2,215,226,217.66507,220.26282
82,3,368,194,372.014,186.76707
82,4,675,218,679.55585,208.06961
82,5,1062,48,1059.9774,36.918797
82,6,818,434,823.1408,421.2927
83,1,100,237,101.82017,232.60623
83,2,215,226,217.65015,220.29219
83,3,368,194,372.1014,186.73912
83,4,675,218,679.5846,208.08257
83,5,1062,48,1059.8615,37.446556
83,6,818,434,823.10657,421.20398
84,1,100,237,101.3212,231.59097
84,2,215,226,217.22238,219.37509
84,3,368,194,371.90884,186.02528
84,4,675,218,679.78156,207.75284
84,5,1062,48,1059.738,37.422516
84,6,818,434,823.0814,420.81433
85,1,100,237,101.25526,231.45737
85,2,215,226,217.48573,219.19308
85,3,368,194,371.9633,185.93468
85,4,675,218,679.9492,207.59662
85,5,1062,48,1059.762,37.518368
85,6,818,434,823.3776,420.78427
86,1,100,237,101.19212,231.61848
86,2,215,226,217.10506,219.28528
86,3,368,194,371.55615,186.07
86,4,675,218,679.177,207.29745
86,5,1062,48,1059.2573,37.568108
86,6,818,434,822.9892,420.80304
87,1,100,237,100.71167,231.79704
87,2,215,226,216.8131,219.58488
87,3,368,194,371.26392,186.1515
87,4,675,218,679.3511,207.61423
87,5,1062,48,1059.2529,37.870956
87,6,818,434,822.7951,420.7253
88,1,100,237,100.6334,232.09569
88,2,215,226,216.65636,220.02171
88,3,368,194,371.29245,186.61877
88,4,675,218,679.19226,208.13057
88,5,1062,48,1059.3087,38.485916
88,6,818,434,822.62354,421.42355
89,1,100,237,100.53882,232.00453
89,2,215,226,216.60522,219.9467
89,3,368,194,371.3564,186.60667
89,4,675,218,679.1414,208.21829
89,5,1062,48,1059.5134,38.799515
89,6,818,434,822.54736,421.85065
90,1,100,237,100.00749,231.74312
90,2,215,226,216.12852,219.63947
90,3,368,194,370.8487,186.41103
90,4,675,218,679.05066,208.38353
90,5,1062,48,1059.2819,38.768635
90,6,818,434,822.48047,421.83508
91,1,100,237,99.9931,232.03418
91,2,215,226,216.10489,219.98804
91,3,368,194,370.97244,186.70543
91,4,675,218,679.1172,208.71498
91,5,1062,48,1059.0208,39.200195
91,6,818,434,822.6698,422.0834
92,1,100,237,100.15047,232.084
92,2,215,226,216.23128,220.02391
92,3,368,194,370.91437,186.72362
92,4,675,218,679.07745,208.63754
92,5,1062,48,1058.7834,38.806076
92,6,818,434,822.71375,421.93066
93,1,100,237,100.67797,232.2896
93,2,215,226,216.45438,220.08601
93,3,368,194,371.0023,186.72844
93,4,675,218,678.8703,208.42043
93,5,1062,48,1058.999,38.39089
93,6,818,434,823.09827,421.63107
94,1,100,237,100.41966,232.16595
94,2,215,226,216.36609,220.13283
94,3,368,194,370.83157,186.76308
94,4,675,218,678.50323,208.28822
94,5,1062,48,1058.8125,37.752983
94,6,818,434,822.7264,421.6972
95,1,100,237,100.490776,232.127
95,2,215,226,216.35535,220.10126
95,3,368,194,370.8494,186.75383
95,4,675,218,678.4536,207.91325
95,5,1062,48,1059.0052,37.44528
95,6,818,434,822.5499,421.72678
96,1,100,237,100.443275,232.12103
96,2,215,226,216.34158,220.07198
96,3,368,194,370.867,186.74512
96,4,675,218,678.39764,207.93881
96,5,1062,48,1058.9178,37.50138
96,6,818,434,822.1561,421.65588
97,1,100,237,100.419106,232.08305
97,2,215,226,216.32675,220.0389
97,3,368,194,370.84274,186.74385
97,4,675,218,678.3578,207.93788
97,5,1062,48,1058.59,37.98704
97,6,818,434,822.35803,421.68234
98,1,100,237,100.57051,231.69667
98,2,215,226,216.37903,219.53856
98,3,368,194,370.67923,186.20732
98,4,675,218,678.3424,207.69301
98,5,1062,48,1058.3861,37.969635
98,6,818,434,822.18866,421.42355
99,1,100,237,100.63324,231.8667
99,2,215,226,216.39594,219.66742
99,3,368,194,370.6797,186.42563
99,4,675,218,678.19196,208.13347
99,5,1062,48,1058.7699,38.688145
99,6,818,434,822.1071,421.95624
100,1,100,237,100.528404,231.36815
100,2,215,226,216.3843,219.3728
100,3,368,194,370.66858,186.38243
100,4,675,218,678.16785,208.16295
100,5,1062,48,1058.7721,38.685898
100,6,818,434,821.97437,422.11612
101,1,100,237,100.59328,231.35321
101,2,215,226,216.5067,219.60078
101,3,368,194,370.80838,186.57512
101,4,675,218,678.0668,208.74513
101,5,1062,48,1058.7709,39.432762
101,6,818,434,821.58777,422.42902
102,1,100,237,100.10618,231.4975
102,2,215,226,216.06804,219.65524
102,3,368,194,370.19846,186.65268
102,4,675,218,677.6989,208.83717
102,5,1062,48,1058.4819,39.290413
102,6,818,434,821.1677,422.49417
103,1,100,237,100.95414,231.52492
103,2,215,226,216.6581,219.57701
103,3,368,194,370.61963,186.34221
103,4,675,218,677.9848,208.09485
103,5,1062,48,1058.8901,38.288464
103,6,818,434,822.00134,421.98264
104,1,100,237,100.3212,231.91327
104,2,215,226,216.04025,220.01584
104,3,368,194,370.19534,186.79347
104,4,675,218,677.34515,208.1653
104,5,1062,48,1058.4873,38.28961
104,6,818,434,821.65295,422.01743
105,1,100,237,100.31743,231.91934
105,2,215,226,215.98376,219.93173
105,3,368,194,370.1771,186.74904
105,4,675,218,677.44293,208.03372
105,5,1062,48,1058.5187,38.023033
105,6,818,434,821.63104,421.71936
106,1,100,237,100.31622,232.03207
106,2,215,226,216.06343,220.09334
106,3,368,194,370.20007,186.81479
106,4,675,218,677.8442,208.52103
106,5,1062,48,1058.4973,38.261696
106,6,818,434,821.48444,421.90646
107,1,100,237,100.12206,232.00691
107,2,215,226,215.89291,219.91988
107,3,368,194,370.1894,186.63008
107,4,675,218,677.4797,208.07886
107,5,1062,48,1058.35,38.378437
107,6,818,434,821.42957,421.93555
108,1,100,237,100.05887,231.65454
108,2,215,226,215.95702,219.64217
108,3,368,194,369.98056,186.35345
108,4,675,218,677.4738,208.06195
108,5,1062,48,1058.3326,38.51487
108,6,818,434,821.3234,421.99814
109,1,100,237,99.80334,231.27036
109,2,215,226,215.77538,219.36072
109,3,368,194,370.00385,186.26161
109,4,675,218,677.43536,208.04439
109,5,1062,48,1058.2898,38.878864
109,6,818,434,821.21063,422.07205
110,1,100,237,100.25271,230.80739
110,2,215,226,216.16191,218.94753
110,3,368,194,370.5831,185.94788
110,4,675,218,678.02594,208.01456
110,5,1062,48,1058.5375,38.921032
110,6,818,434,821.5931,422.24377
111,1,100,237,100.36023,231.1638
111,2,215,226,216.34854,219.4782
111,3,368,194,370.67804,186.42773
111,4,675,218,677.981,208.46368
111,5,1062,48,1058.5092,39.61429
111,6,818,434,821.7043,422.84552
112,1,100,237,100.352325,230.9514
112,2,215,226,216.37141,219.13521
112,3,368,194,370.74435,186.2254
112,4,675,218,677.94824,208.38132
112,5,1062,48,1058.3248,39.593258
112,6,818,434,821.64685,422.45526
113,1,100,237,100.381836,230.9525
113,2,215,226,216.29234,219.22792
113,3,368,194,370.6204,186.3288
113,4,675,218,678.0814,208.6677
113,5,1062,48,1058.1569,39.862564
113,6,818,434,821.62604,422.58252
114,1,100,237,100.46221,231.29677
114,2,215,226,216.58798,219.6889
114,3,368,194,370.8794,186.6859
114,4,675,218,678.0404,208.8845
114,5,1062,48,1058.4432,40.322266
114,6,818,434,821.639,422.69534
115,1,100,237,100.45738,231.12778
115,2,215,226,216.361,219.26941
115,3,368,194,370.89566,186.51364
115,4,675,218,678.09143,208.63988
115,5,1062,48,1058.1865,40.093803
115,6,818,434,821.5192,422.21616
116,1,100,237,100.462364,231.13216
116,2,215,226,216.37715,219.28697
116,3,368,194,370.69977,186.43375
116,4,675,218,678.0969,208.61307
116,5,1062,48,1058.4702,40.04674
116,6,818,434,821.5646,422.2026
117,1,100,237,100.59656,231.6608
117,2,215,226,216.37958,219.97057
117,3,368,194,370.86765,186.88425
117,4,675,218,678.041,209.11002
117,5,1062,48,1058.6705,40.589287
117,6,818,434,821.5527,422.88293
118,1,100,237,100.48796,231.78473
118,2,215,226,216.40903,220.05798
118,3,368,194,370.9076,187.18083
118,4,675,218,678.1547,209.46236
118,5,1062,48,1058.9866,41.084984
118,6,818,434,821.57336,423.56665
119,1,100,237,100.11716,231.21313
119,2,215,226,216.32227,219.53769
119,3,368,194,371.01077,186.6965
119,4,675,218,678.50244,209.36671
119,5,1062,48,1058.8658,40.930958
119,6,818,434,821.67725,423.00275
120,1,100,237,100.05657,231.34407
120,2,215,226,216.18204,219.59698
120,3,368,194,370.94244,186.8145
120,4,675,218,678.74475,209.65875
120,5,1062,48,1058.6296,41.090996
120,6,818,434,821.71515,423.1223
121,1,100,237,100.17847,231.60123
121,2,215,226,216.15852,219.86104
121,3,368,194,370.9315,186.904
121,4,675,218,678.43286,209.02582
121,5,1062,48,1058.4888,41.0964
121,6,818,434,821.8725,423.11816
122,1,100,237,99.97962,231.88014
122,2,215,226,216.04988,220.12737
122,3,368,194,370.67084,187.20778
122,4,675,218,678.1259,209.4307
122,5,1062,48,1058.3553,41.088715
122,6,818,434,821.6867,423.5154
123,1,100,237,100.17674,231.67863
123,2,215,226,216.23358,219.92178
123,3,368,194,370.8843,186.96646
123,4,675,218,678.30206,209.21901
123,5,1062,48,1058.3698,41.053284
123,6,818,434,821.61414,423.43896
124,1,100,237,100.16227,231.54175
124,2,215,226,215.99348,219.72398
124,3,368,194,370.6871,186.89284
124,4,675,218,678.08734,209.14098
124,5,1062,48,1057.9698,40.94821
124,6,818,434,821.44366,422.9435
125,1,100,237,100.25996,231.88156
125,2,215,226,216.1653,220.14728
125,3,368,194,370.74078,187.27292
125,4,675,218,678.40063,209.5223
125,5,1062,48,1058.1179,41.340485
125,6,818,434,821.6447,423.318
126,1,100,237,100.3796,231.75607
126,2,215,226,216.41507,219.92035
126,3,368,194,370.97025,186.93295
126,4,675,218,678.3009,209.1555
126,5,1062,48,1058.4203,41.04548
126,6,818,434,821.81915,422.99023
127,1,100,237,100.43377,231.77339
127,2,215,226,216.3617,219.99281
127,3,368,194,370.87888,186.93718
127,4,675,218,678.14276,209.29822
127,5,1062,48,1058.1119,40.814964
127,6,818,434,821.8414,423.06976
128,1,100,237,100.568474,232.66176
128,2,215,226,216.39644,220.7908
128,3,368,194,370.8103,187.66748
128,4,675,218,677.9735,209.46663
128,5,1062,48,1058.1119,40.814953
128,6,818,434,821.84644,423.14697
129,1,100,237,100.68458,232.742
129,2,215,226,216.48186,220.74799
129,3,368,194,370.84634,187.65022
129,4,675,218,677.947,209.42665
129,5,1062,48,1057.964,40.609962
129,6,818,434,821.8373,423.01004
130,1,100,237,100.1556,232.98251
130,2,215,226,216.05782,220.98381
130,3,368,194,370.28955,187.80154
130,4,675,218,677.3496,209.17317
130,5,1062,48,1057.5587,40.285988
130,6,818,434,821.4012,423.08002
131,1,100,237,100.836815,232.86629
131,2,215,226,216.56082,220.89496
131,3,368,194,370.7887,187.69899
131,4,675,218,677.91034,209.19527
131,5,1062,48,1058.0448,39.78679
131,6,818,434,821.869,422.7326
132,1,100,237,100.53048,232.91634
132,2,215,226,216.25664,220.85606
132,3,368,194,370.59003,187.71445
132,4,675,218,677.5979,209.35023
132,5,1062,48,1057.7394,39.721718
132,6,818,434,821.35986,422.6798
133,1,100,237,100.541695,233.17743
133,2,215,226,216.35513,221.08893
133,3,368,194,370.69,187.91335
133,4,675,218,677.79987,209.46413
133,5,1062,48,1058.0568,39.998455
133,6,818,434,821.5828,422.89243
134,1,100,237,100.43757,233.0223
134,2,215,226,216.3719,221.15877
134,3,368,194,370.76166,187.98453
134,4,675,218,677.8222,209.48593
134,5,1062,48,1058.1406,40.097534
134,6,818,434,821.45953,422.87027
135,1,100,237,100.03299,233.36859
135,2,215,226,216.06064,221.35309
135,3,368,194,370.37247,188.07169
135,4,675,218,677.9759,209.99364
135,5,1062,48,1057.8511,40.876156
135,6,818,434,821.1588,423.3369
136,1,100,237,100.5462,233.2485
136,2,215,226,216.47447,221.15208
136,3,368,194,370.80807,188.02487
136,4,675,218,678.1766,209.73306
136,5,1062,48,1058.0602,40.603928
136,6,818,434,821.7548,423.50092
137,1,100,237,100.58004,233.29175
137,2,215,226,216.54231,221.22755
137,3,368,194,370.9519,188.08315
137,4,675,218,678.1834,209.85504
137,5,1062,48,1058.0266,40.916683
137,6,818,434,821.8893,423.5266
138,1,100,237,100.95468,233.81357
138,2,215,226,216.76364,221.7584
138,3,368,194,371.08987,188.56119
138,4,675,218,678.179,209.99036
138,5,1062,48,1057.9181,41.3024
138,6,818,434,822.12274,423.7493
139,1,100,237,101.62006,233.64967
139,2,215,226,217.1888,221.35974
139,3,368,194,371.13757,188.18317
139,4,675,218,678.45374,209.59605
139,5,1062,48,1058.0015,40.424034
139,6,818,434,822.21094,422.9078
140,1,100,237,101.331116,234.0598
140,2,215,226,217.0977,221.9853
140,3,368,194,371.0939,188.68195
140,4,675,218,678.09906,210.10704
140,5,1062,48,1058.0577,40.860188
140,6,818,434,821.82733,423.51154
141,1,100,237,101.42303,234.09549
141,2,215,226,217.19174,221.99219
141,3,368,194,371.1186,188.75243
141,4,675,218,678.15137,210.122
141,5,1062,48,1058.4972,40.724464
141,6,818,434,821.6969,423.58014
142,1,100,237,101.43612,234.01428
142,2,215,226,217.15855,221.91507
142,3,368,194,371.168,188.67867
142,4,675,218,678.19635,210.09415
142,5,1062,48,1058.6354,40.623016
142,6,818,434,821.39545,423.1772
143,1,100,237,100.77678,234.66698
143,2,215,226,216.53796,222.44347
143,3,368,194,370.59976,189.19983
143,4,675,218,677.95905,210.67398
143,5,1062,48,1057.9425,41.196045
143,6,818,434,821.3279,423.54715
144,1,100,237,101.21381,234.54384
144,2,215,226,216.83958,222.36154
144,3,368,194,371.03735,189.09793
144,4,675,218,678.14777,210.27325
144,5,1062,48,1058.1786,40.9209
144,6,818,434,821.82635,423.49518
145,1,100,237,101.235374,234.69069
145,2,215,226,217.06393,222.54788
145,3,368,194,371.02325,189.10034
145,4,675,218,678.1104,210.22992
145,5,1062,48,1058.2053,40.830437
145,6,818,434,821.92365,423.47263
146,1,100,237,101.22662,234.52829
146,2,215,226,216.83733,222.32231
146,3,368,194,370.86566,188.97989
146,4,675,218,678.0235,210.20111
146,5,1062,48,1057.864,40.48072
146,6,818,434,821.51465,423.29156
147,1,100,237,100.6114,234.36383
147,2,215,226,216.54674,222.26408
147,3,368,194,370.76956,189.02643
147,4,675,218,677.8456,210.30357
147,5,1062,48,1057.8815,40.746483
147,6,818,434,821.1699,423.28113
148,1,100,237,100.911545,235.03842
148,2,215,226,216.87791,222.87952
148,3,368,194,371.0685,189.56038
148,4,675,218,678.1678,210.75386
148,5,1062,48,1057.9125,41.29012
148,6,818,434,821.7195,424.13443
149,1,100,237,101.16028,234.79138
149,2,215,226,217.10686,222.73354
149,3,368,194,371.0786,189.27866
149,4,675,218,678.35706,210.62578
149,5,1062,48,1057.9277,41.061325
149,6,818,434,821.9547,423.91464
150,1,100,237,101.051956,234.72748
150,2,215,226,216.94745,222.72266
150,3,368,194,370.98972,189.29678
150,4,675,218,678.34357,210.64392
150,5,1062,48,1057.8962,41.426685
150,6,818,434,821.87933,423.98203
151,1,100,237,100.7605,234.88992
151,2,215,226,216.75975,222.74252
151,3,368,194,370.7624,189.42311
151,4,675,218,678.09283,210.85423
151,5,1062,48,1057.8168,41.48694
151,6,818,434,821.6209,424.16986
152,1,100,237,100.75976,234.88799
152,2,215,226,216.65982,222.74579
152,3,368,194,370.84927,189.49577
152,4,675,218,678.13556,210.84563
152,5,1062,48,1057.8536,41.634224
152,6,818,434,821.62585,424.0741
153,1,100,237,100.46685,234.91826
153,2,215,226,216.55495,222.93217
153,3,368,194,370.92755,189.65874
153,4,675,218,677.93506,211.16595
153,5,1062,48,1057.5953,42.060787
153,6,818,434,821.3888,424.3422
154,1,100,237,100.57661,234.74988
154,2,215,226,216.57965,222.68687
154,3,368,194,370.65796,189.36565
154,4,675,218,678.0298,210.81102
154,5,1062,48,1057.6863,41.615463
154,6,818,434,821.47925,423.88907
155,1,100,237,100.66424,234.9478
155,2,215,226,216.58444,222.85918
155,3,368,194,370.98917,189.58891
155,4,675,218,678.1742,211.03986
155,5,1062,48,1057.9983,42.10013
155,6,818,434,821.7954,424.21262
156,1,100,237,100.57643,235.38536
156,2,215,226,216.60887,223.25166
156,3,368,194,370.96365,189.9621
156,4,675,218,678.05145,211.49837
156,5,1062,48,1057.9622,42.338158
156,6,818,434,821.88007,424.9015
157,1,100,237,100.029175,235.41702
157,2,215,226,216.08516,223.24062
157,3,368,194,370.36124,190.19366
157,4,675,218,677.9122,211.86629
157,5,1062,48,1057.4792,42.53811
157,6,818,434,821.38324,424.8002
158,1,100,237,100.4545,235.22865
158,2,215,226,216.58678,223.28848
158,3,368,194,370.95642,190.07133
158,4,675,218,678.32367,211.63612
158,5,1062,48,1058.0513,42.314217
158,6,818,434,821.82294,424.94434
159,1,100,237,99.883965,235.24216
159,2,215,226,215.95934,223.08467
159,3,368,194,370.59442,190.09761
159,4,675,218,678.0491,211.75609
159,5,1062,48,1057.842,42.656868
159,6,818,434,821.2354,425.0204
160,1,100,237,99.8928,235.08972
160,2,215,226,215.97931,223.1386
160,3,368,194,370.55258,190.1045
160,4,675,218,678.1242,211.75804
160,5,1062,48,1057.8315,43.073532
160,6,818,434,821.31055,425.03983
161,1,100,237,99.28462,235.04593
161,2,215,226,215.39464,223.105
161,3,368,194,370.20175,189.92693
161,4,675,218,677.86176,211.86282
161,5,1062,48,1057.1763,43.09513
161,6,818,434,821.08527,425.04745
162,1,100,237,99.288635,235.04509
162,2,215,226,215.5062,223.13461
162,3,368,194,370.1997,189.89294
162,4,675,218,677.92084,211.72977
162,5,1062,48,1056.9313,42.60198
162,6,818,434,821.527,424.92148
163,1,100,237,99.364944,235.08315
163,2,215,226,215.45978,223.27696
163,3,368,194,370.2279,189.9521
163,4,675,218,677.8561,211.61601
163,5,1062,48,1056.7659,42.55748
163,6,818,434,821.616,424.7834
164,1,100,237,100.03521,235.66757
164,2,215,226,215.77312,223.53447
164,3,368,194,370.25183,189.95206
164,4,675,218,677.49475,211.05515
164,5,1062,48,1056.8087,41.84613
164,6,818,434,821.7216,424.62173
165,1,100,237,100.17694,235.2896
165,2,215,226,216.11374,223.1368
165,3,368,194,370.6306,189.69043
165,4,675,218,677.9173,210.89954
165,5,1062,48,1057.1367,41.131878
165,6,818,434,821.7613,424.18085
166,1,100,237,100.29641,235.41739
166,2,215,226,216.19656,223.43272
166,3,368,194,370.8461,189.99811
166,4,675,218,678.0468,211.07683
166,5,1062,48,1057.414,41.473705
166,6,818,434,821.6937,424.09308
167,1,100,237,99.71409,235.2262
167,2,215,226,215.71579,223.0551
167,3,368,194,370.07672,189.47267
167,4,675,218,677.81726,210.74129
167,5,1062,48,1056.9825,41.168182
167,6,818,434,821.31195,423.43826
168,1,100,237,99.13138,235.11076
168,2,215,226,215.16562,222.8685
168,3,368,194,369.95245,189.55087
168,4,675,218,677.7488,210.79938
168,5,1062,48,1056.6337,41.276875
168,6,818,434,821.3337,423.65387
169,1,100,237,98.99543,235.30876
169,2,215,226,215.12886,223.15373
169,3,368,194,369.84152,189.85788
169,4,675,218,677.5202,211.21394
169,5,1062,48,1056.718,41.77535
169,6,818,434,821.25,423.99265
170,1,100,237,98.885124,235.45021
170,2,215,226,215.05081,223.19432
170,3,368,194,369.87106,189.91104
170,4,675,218,677.43506,210.88037
170,5,1062,48,1056.7423,41.77938
170,6,818,434,821.0299,424.27753
171,1,100,237,98.96117,235.48828
171,2,215,226,215.15079,223.24315
171,3,368,194,369.9375,189.89304
171,4,675,218,677.4113,211.03732
171,5,1062,48,1056.8291,41.788937
171,6,818,434,821.1624,424.37067
172,1,100,237,99.12807,235.34361
172,2,215,226,215.3092,223.22641
172,3,368,194,370.23883,189.70265
172,4,675,218,677.7764,211.11826
172,5,1062,48,1056.9701,41.511574
172,6,818,434,821.5804,424.05267
173,1,100,237,98.67783,236.2229
173,2,215,226,214.8905,223.89838
173,3,368,194,369.5798,190.45592
173,4,675,218,677.1492,211.40103
173,5,1062,48,1056.2417,42.012436
173,6,818,434,821.2377,424.45554
174,1,100,237,98.75718,236.11609
174,2,215,226,214.92804,223.82849
174,3,368,194,369.74393,190.27986
174,4,675,218,677.3449,211.14883
174,5,1062,48,1056.6411,41.517445
174,6,818,434,821.22534,424.44397
175,1,100,237,98.73362,236.17963
175,2,215,226,214.91487,223.82878
175,3,368,194,369.64404,190.14313
175,4,675,218,677.30963,211.03247
175,5,1062,48,1056.3369,40.97755
175,6,818,434,821.3038,424.28418
176,1,100,237,98.77186,236.44931
176,2,215,226,215.07225,224.05434
176,3,368,194,369.7707,190.41138
176,4,675,218,677.4968,211.00887
176,5,1062,48,1056.3292,41.230522
176,6,818,434,821.37286,424.20282
177,1,100,237,98.848045,236.61888
177,2,215,226,215.02036,224.15047
177,3,368,194,369.60474,190.4508
177,4,675,218,677.062,211.30272
177,5,1062,48,1055.7039,41.239548
177,6,818,434,821.292,424.1666
178,1,100,237,98.85918,236.39362
178,2,215,226,215.19095,223.94894
178,3,368,194,369.83743,190.34105
178,4,675,218,677.587,211.2403
178,5,1062,48,1055.998,41.177696
178,6,818,434,821.71356,423.70822
179,1,100,237,98.35167,236.90823
179,2,215,226,214.65697,224.5582
179,3,368,194,369.51627,190.90976
179,4,675,218,677.2147,211.55093
179,5,1062,48,1055.6538,41.67699
179,6,818,434,821.08246,424.20847
180,1,100,237,98.39321,236.74184
180,2,215,226,214.70673,224.4619
180,3,368,194,369.54956,190.8844
180,4,675,218,677.07806,211.40565
180,5,1062,48,1055.6677,42.039394
180,6,818,434,821.3561,423.943
181,1,100,237,97.92592,236.69693
181,2,215,226,214.22137,224.29407
181,3,368,194,369.13477,190.67734
181,4,675,218,676.91425,211.44249
181,5,1062,48,1055.689,41.89793
181,6,818,434,821.306,423.869
182,1,100,237,97.770615,236.44963
182,2,215,226,214.25581,223.94789
182,3,368,194,369.08905,190.18929
182,4,675,218,677.2417,211.05484
182,5,1062,48,1055.8903,41.324547
182,6,818,434,821.32825,423.7294
183,1,100,237,97.29231,236.41637
183,2,215,226,213.88689,224.04633
183,3,368,194,368.74442,190.27585
183,4,675,218,676.9039,211.17473
183,5,1062,48,1055.6033,41.171356
183,6,818,434,820.86523,424.04544
184,1,100,237,97.50188,236.75075
184,2,215,226,213.84552,224.11525
184,3,368,194,368.64557,190.24562
184,4,675,218,676.78723,211.19498
184,5,1062,48,1055.237,40.924828
184,6,818,434,821.16187,423.9427
185,1,100,237,97.30907,236.97131
185,2,215,226,213.58345,224.42998
185,3,368,194,368.27313,190.4286
185,4,675,218,676.25757,211.0128
185,5,1062,48,1054.702,40.735683
185,6,818,434,820.79987,424.11862
186,1,100,237,97.36132,237.81117
186,2,215,226,213.59465,225.269
186,3,368,194,368.2948,191.09999
186,4,675,218,676.3399,211.57921
186,5,1062,48,1054.2383,40.91392
186,6,818,434,820.73456,424.39594
187,1,100,237,97.89548,237.98407
187,2,215,226,213.94061,225.28949
187,3,368,194,368.45312,191.16861
187,4,675,218,676.1699,211.32455
187,5,1062,48,1054.2355,40.414738
187,6,818,434,821.138,423.97525
188,1,100,237,98.27635,238.02174
188,2,215,226,214.1877,225.42038
188,3,368,194,368.56766,191.38045
188,4,675,218,676.20123,211.24002
188,5,1062,48,1054.2317,40.409206
188,6,818,434,821.27637,423.89725
189,1,100,237,97.77042,238.3145
189,2,215,226,213.94011,225.55823
189,3,368,194,368.14264,191.482
189,4,675,218,675.60706,211.36885
189,5,1062,48,1053.8174,40.180035
189,6,818,434,820.57043,423.92514
190,1,100,237,98.00489,238.19339
190,2,215,226,214.0923,225.58032
190,3,368,194,368.67242,191.68166
190,4,675,218,676.1832,211.62167
190,5,1062,48,1054.3838,40.771465
190,6,818,434,820.39734,424.05078
191,1,100,237,97.9491,237.76547
191,2,215,226,214.03998,225.2006
191,3,368,194,368.64386,191.22485
191,4,675,218,676.0643,211.341
191,5,1062,48,1054.5989,41.16455
191,6,818,434,820.3888,424.0403
192,1,100,237,97.212166,238.16135
192,2,215,226,213.58794,225.71199
192,3,368,194,368.2577,191.791
192,4,675,218,675.805,212.20374
192,5,1062,48,1054.0177,42.006927
192,6,818,434,820.04675,424.79324
193,1,100,237,97.54387,238.06026
193,2,215,226,213.6487,225.37961
193,3,368,194,368.25183,191.39497
193,4,675,218,676.1218,211.8552
193,5,1062,48,1054.0441,41.64881
193,6,818,434,820.24854,424.4524
194,1,100,237,97.34231,237.91821
194,2,215,226,213.55473,225.35678
194,3,368,194,368.03925,191.48212
194,4,675,218,675.90234,211.96632
194,5,1062,48,1053.5769,41.766106
194,6,818,434,820.204,424.5864
195,1,100,237,97.60286,238.20445
195,2,215,226,213.93443,225.55719
195,3,368,194,368.37634,191.70554
195,4,675,218,675.88556,212.22247
195,5,1062,48,1053.6328,42.14704
195,6,818,434,820.25323,424.8463
196,1,100,237,97.61379,239.01099
196,2,215,226,213.7586,226.42491
196,3,368,194,368.1325,192.37741
196,4,675,218,675.9788,212.8243
196,5,1062,48,1053.603,42.74331
196,6,818,434,820.2984,425.07858
197,1,100,237,97.24422,239.22615
197,2,215,226,213.63654,226.69353
197,3,368,194,368.09338,192.58472
197,4,675,218,675.58234,212.93756
197,5,1062,48,1052.9615,42.422287
197,6,818,434,820.16064,425.03787
198,1,100,237,97.31403,239.23073
198,2,215,226,213.66975,226.69682
198,3,368,194,368.06982,192.68205
198,4,675,218,675.52985,212.91383
198,5,1062,48,1052.9529,42.41812
198,6,818,434,820.1228,425.01526
199,1,100,237,98.03486,239.75247
199,2,215,226,214.08733,226.95822
199,3,368,194,368.34753,192.87521
199,4,675,218,675.84656,212.8204
199,5,1062,48,1053.3173,42.40229
199,6,818,434,820.3523,425.1663
200,1,100,237,97.55706,239.95946
200,2,215,226,213.64572,227.1128
200,3,368,194,367.85715,192.96506
200,4,675,218,675.3875,212.61401
200,5,1062,48,1052.8086,42.404533
200,6,818,434,820.11084,424.9899
201,1,100,237,97.70228,240.46423
201,2,215,226,213.84846,227.67188
201,3,368,194,367.98688,193.4712
201,4,675,218,675.4183,213.00247
201,5,1062,48,1053.061,42.93035
201,6,818,434,820.361,425.61377
202,1,100,237,97.60116,240.4282
202,2,215,226,213.72716,227.69907
202,3,368,194,368.01187,193.56448
202,4,675,218,675.17017,213.13847
202,5,1062,48,1052.9935,42.885445
202,6,818,434,819.957,425.64233
203,1,100,237,97.60115,240.42819
203,2,215,226,213.7349,227.74065
203,3,368,194,368.06732,193.62189
203,4,675,218,675.18634,213.2381
203,5,1062,48,1053.0024,43.001163
203,6,818,434,819.9294,425.74377
204,1,100,237,97.785416,240.62619
204,2,215,226,213.83745,227.9112
204,3,368,194,368.21356,193.79732
204,4,675,218,675.6339,213.85376
204,5,1062,48,1053.2208,43.284126
204,6,818,434,819.91754,426.1337
205,1,100,237,97.66478,240.8825
205,2,215,226,213.69463,228.09232
205,3,368,194,368.14847,194.10033
205,4,675,218,675.50433,214.30101
205,5,1062,48,1053.1582,44.19169
205,6,818,434,819.8506,426.62515
206,1,100,237,97.57618,240.76207
206,2,215,226,213.59941,228.1632
206,3,368,194,368.11005,194.13885
206,4,675,218,675.3975,214.16965
206,5,1062,48,1053.18,44.800743
206,6,818,434,819.8377,426.8084
207,1,100,237,96.86431,240.36372
207,2,215,226,212.95593,227.92761
207,3,368,194,367.6795,194.19203
207,4,675,218,675.2837,214.57306
207,5,1062,48,1052.7837,45.155106
207,6,818,434,819.33606,427.43256
208,1,100,237,97.3573,240.19391
208,2,215,226,213.64673,227.95483
208,3,368,194,368.20883,194.13094
208,4,675,218,675.7542,215.0034
208,5,1062,48,1053.396,45.771038
208,6,818,434,819.864,427.64703
209,1,100,237,97.39069,240.16669
209,2,215,226,213.66774,227.92944
209,3,368,194,368.2684,194.1456
209,4,675,218,675.7517,215.00511
209,5,1062,48,1053.2163,45.77874
209,6,818,434,819.67053,427.8253
210,1,100,237,97.66404,240.78322
210,2,215,226,213.68127,228.33319
210,3,368,194,368.54016,194.74672
210,4,675,218,675.6153,215.42915
210,5,1062,48,1052.9658,46.558025
210,6,818,434,819.74304,427.89017
211,1,100,237,97.681,241.18849
211,2,215,226,213.87764,228.63052
211,3,368,194,368.2776,194.92148
211,4,675,218,675.8829,215.51674
211,5,1062,48,1052.7415,46.32187
211,6,818,434,820.1251,427.9452
212,1,100,237,97.76416,242.09946
212,2,215,226,213.76332,229.51083
212,3,368,194,368.2063,195.66484
212,4,675,218,675.2944,215.78532
212,5,1062,48,1052.4624,46.57633
212,6,818,434,819.72845,428.35577
213,1,100,237,97.5911,242.09753
213,2,215,226,213.67143,229.52232
213,3,368,194,368.118,195.58934
213,4,675,218,675.04395,215.78021
213,5,1062,48,1051.908,46.345512
213,6,818,434,819.3814,428.15622
214,1,100,237,97.87559,242.55305
214,2,215,226,213.7574,229.97722
214,3,368,194,368.19583,195.98315
214,4,675,218,675.29095,215.83876
214,5,1062,48,1052.4967,46.57235
214,6,818,434,819.6145,428.2361
215,1,100,237,97.7909,243.22917
215,2,215,226,213.97528,230.50694
215,3,368,194,368.23605,196.36644
215,4,675,218,675.36035,216.0236
215,5,1062,48,1052.3804,46.594852
215,6,818,434,819.9855,428.47134
216,1,100,237,97.76329,243.40201
216,2,215,226,213.939,230.72475
216,3,368,194,368.53445,196.64247
216,4,675,218,675.42737,215.9538
216,5,1062,48,1052.2119,46.605434
216,6,818,434,820.0614,428.4847
217,1,100,237,97.80618,244.54138
217,2,215,226,213.82332,231.71225
217,3,368,194,368.13937,197.42068
217,4,675,218,675.29126,216.90315
217,5,1062,48,1051.7698,47.312428
217,6,818,434,820.2011,429.00696
218,1,100,237,97.37868,244.6843
218,2,215,226,213.42188,231.89082
218,3,368,194,367.9046,197.82031
218,4,675,218,674.7804,217.3259
218,5,1062,48,1051.2898,47.563232
218,6,818,434,819.82916,429.2683
219,1,100,237,97.76317,244.70007
219,2,215,226,213.55598,231.96541
219,3,368,194,368.08862,197.88799
219,4,675,218,675.2428,217.66597
219,5,1062,48,1051.6416,48.207916
219,6,818,434,819.90393,429.61612
220,1,100,237,97.22988,244.74675
220,2,215,226,213.24828,231.99435
220,3,368,194,367.81363,198.10019
220,4,675,218,674.8305,218.0319
220,5,1062,48,1051.6473,48.72528
220,6,818,434,819.5356,430.15128
221,1,100,237,97.056786,244.79906
221,2,215,226,213.12679,232.0777
221,3,368,194,367.77014,198.19305
221,4,675,218,674.7963,218.3435
221,5,1062,48,1051.772,49.14543
221,6,818,434,819.2384,430.45273
222,1,100,237,96.864555,244.83882
222,2,215,226,212.97552,232.1531
222,3,368,194,367.65005,198.28926
222,4,675,218,675.01025,218.68742
222,5,1062,48,1051.7427,49.30635
222,6,818,434,819.30334,431.00735
223,1,100,237,96.895226,245.09593
223,2,215,226,213.13072,232.58232
223,3,368,194,367.73978,198.84122
223,4,675,218,674.7878,219.01714
223,5,1062,48,1051.3027,50.07437
223,6,818,434,819.2227,431.12714
224,1,100,237,96.85112,245.37878
224,2,215,226,212.99945,232.82283
224,3,368,194,367.4405,198.93118
224,4,675,218,674.4191,218.84705
224,5,1062,48,1051.0553,50.088615
224,6,818,434,819.1198,431.19168
225,1,100,237,97.21298,245.8788
225,2,215,226,213.0324,233.17554
225,3,368,194,367.42474,199.1398
225,4,675,218,674.3885,218.8647
225,5,1062,48,1051.1158,49.99707
225,6,818,434,819.1358,431.1927
226,1,100,237,97.09378,245.9246
226,2,215,226,212.99411,233.13815
226,3,368,194,367.36157,199.14224
226,4,675,218,674.35724,218.88075
226,5,1062,48,1051.0532,49.57247
226,6,818,434,819.0914,430.9481
227,1,100,237,97.192055,246.66597
227,2,215,226,212.9703,233.96103
227,3,368,194,367.2462,199.97377
227,4,675,218,674.2662,219.75362
227,5,1062,48,1050.9337,50.271694
227,6,818,434,819.0591,431.7369
228,1,100,237,97.16507,246.54306
228,2,215,226,212.95757,233.96239
228,3,368,194,367.16608,199.99068
228,4,675,218,674.15485,219.787
228,5,1062,48,1050.924,50.268845
228,6,818,434,818.8501,431.68863
229,1,100,237,96.716354,246.10225
229,2,215,226,212.68909,233.56592
229,3,368,194,366.9141,199.59369
229,4,675,218,673.8342,219.72687
229,5,1062,48,1050.9202,49.885326
229,6,818,434,818.38696,431.40662
230,1,100,237,97.02727,246.42126
230,2,215,226,212.8903,233.9247
230,3,368,194,367.00937,199.94885
230,4,675,218,673.93835,219.84492
230,5,1062,48,1051.0695,50.05259
230,6,818,434,818.9291,431.8295
231,1,100,237,97.27728,246.63919
231,2,215,226,212.89145,234.07109
231,3,368,194,366.75616,200.16054
231,4,675,218,673.3239,219.87651
231,5,1062,48,1051.0398,50.086216
231,6,818,434,818.7169,432.0456
232,1,100,237,97.46518,246.77444
232,2,215,226,213.00119,234.24977
232,3,368,194,366.6944,200.2693
232,4,675,218,673.251,219.98001
232,5,1062,48,1051.077,50.089977
232,6,818,434,818.68695,432.09372
233,1,100,237,97.98783,246.89369
233,2,215,226,213.37756,234.2159
233,3,368,194,366.82022,200.22787
233,4,675,218,673.3209,219.87141
233,5,1062,48,1051.5258,49.44424
233,6,818,434,818.68646,432.06012
234,1,100,237,97.798195,247.00136
234,2,215,226,212.97775,234.28815
234,3,368,194,366.3468,200.35944
234,4,675,218,672.6448,220.12544
234,5,1062,48,1051.0315,49.27286
234,6,818,434,817.856,432.07062
235,1,100,237,98.29188,246.85008
235,2,215,226,213.43901,234.24524
235,3,368,194,366.71216,200.48663
235,4,675,218,672.9539,220.10156
235,5,1062,48,1051.976,49.581066
235,6,818,434,818.08215,432.0534
236,1,100,237,98.03116,246.95122
236,2,215,226,213.21127,234.45036
236,3,368,194,366.37955,200.73563
236,4,675,218,672.7017,220.76773
236,5,1062,48,1051.8599,49.90026
236,6,818,434,817.8208,432.69226
237,1,100,237,98.21248,246.69408
237,2,215,226,213.26543,234.2217
237,3,368,194,366.50186,200.78833
237,4,675,218,672.7228,220.68028
237,5,1062,48,1052.2012,49.664207
237,6,818,434,817.8589,432.59766
238,1,100,237,98.6914,246.72511
238,2,215,226,213.59218,234.47038
238,3,368,194,366.48383,200.80705
238,4,675,218,672.7077,220.99097
238,5,1062,48,1052.3069,50.024567
238,6,818,434,818.3778,433.5077
239,1,100,237,98.80521,246.38593
239,2,215,226,213.61078,234.28043
239,3,368,194,366.0588,200.60106
239,4,675,218,671.97034,220.89752
239,5,1062,48,1052.0466,49.859116
239,6,818,434,817.8424,433.47284
240,1,100,237,99.28721,246.26703
240,2,215,226,213.62791,234.27567
240,3,368,194,365.66577,200.87537
240,4,675,218,670.9153,220.99924
240,5,1062,48,1052.0354,49.851257
240,6,818,434,817.371,433.7344
241,1,100,237,99.830505,246.46268
241,2,215,226,213.78238,234.35368
241,3,368,194,365.20016,201.02954
241,4,675,218,670.3035,220.88612
241,5,1062,48,1052.3679,49.20903
241,6,818,434,817.14984,433.87885
242,1,100,237,100.1818,246.87819
242,2,215,226,213.83716,234.83948
242,3,368,194,364.61673,201.42938
242,4,675,218,669.3974,220.8647
242,5,1062,48,1052.492,48.852127
242,6,818,434,816.2692,433.9658
243,1,100,237,100.87986,246.96368
243,2,215,226,214.12547,234.80011
243,3,368,194,364.58453,201.27803
243,4,675,218,669.33813,220.50085
243,5,1062,48,1052.9116,47.411472
243,6,818,434,816.3551,433.9133
244,1,100,237,102.40435,247.28467
244,2,215,226,215.34718,235.0006
244,3,368,194,365.08868,201.46133
244,4,675,218,669.3406,220.18225
244,5,1062,48,1053.7687,46.33097
244,6,818,434,817.06775,433.46768
245,1,100,237,104.3698,247.11226
245,2,215,226,216.88174,234.67014
245,3,368,194,366.27075,200.79369
245,4,675,218,669.9591,219.03838
245,5,1062,48,1054.8097,43.92211
245,6,818,434,818.32135,432.2626
246,1,100,237,106.25907,248.85329
246,2,215,226,218.4321,236.2148
246,3,368,194,367.30115,202.02318
246,4,675,218,671.0452,219.69101
246,5,1062,48,1055.9652,44.055843
246,6,818,434,820.10596,432.3594
247,1,100,237,109.5132,249.33281
247,2,215,226,221.23186,236.47073
247,3,368,194,369.59555,202.15779
247,4,675,218,672.9751,218.93196
247,5,1062,48,1058.5688,41.999336
247,6,818,434,822.865,431.80603
248,1,100,237,113.09597,249.59215
248,2,215,226,224.3273,236.72656
248,3,368,194,372.072,202.1467
248,4,675,218,674.925,218.47374
248,5,1062,48,1061.2838,40.981236
248,6,818,434,825.5102,431.20206
249,1,100,237,117.47124,249.89133
249,2,215,226,228.43613,236.9446
249,3,368,194,375.72827,202.3633
249,4,675,218,678.2622,218.31148
249,5,1062,48,1065.5319,40.211403
249,6,818,434,829.1916,431.17593
250,1,100,237,121.41075,249.70995
250,2,215,226,232.17699,236.79291
250,3,368,194,379.08426,202.17
250,4,675,218,681.6412,218.13727
250,5,1062,48,1069.522,39.154858
250,6,818,434,832.3901,430.8964
251,1,100,237,125.94133,249.99802
251,2,215,226,236.4383,236.97227
251,3,368,194,383.05124,202.36253
251,4,675,218,685.4597,217.84503
251,5,1062,48,1073.989,38.87354
251,6,818,434,836.2006,430.83163
252,1,100,237,129.13782,249.82574
252,2,215,226,239.45659,236.88992
252,3,368,194,386.105,202.23233
252,4,675,218,688.2786,217.76985
252,5,1062,48,1077.5886,38.35948
252,6,818,434,838.7436,430.45322
253,1,100,237,131.83858,250.32108
253,2,215,226,242.05289,237.42447
253,3,368,194,388.59967,202.9938
253,4,675,218,690.65137,218.38188
253,5,1062,48,1080.7262,38.88239
253,6,818,434,841.5274,430.9432
254,1,100,237,134.60976,250.25327
254,2,215,226,244.68619,237.35138
254,3,368,194,391.37598,202.67458
254,4,675,218,693.4879,217.90086
254,5,1062,48,1083.6444,38.402763
254,6,818,434,844.3458,430.59387
255,1,100,237,136.88992,249.7251
255,2,215,226,247.04956,236.82759
255,3,368,194,393.36646,202.08907
255,4,675,218,695.8864,217.73254
255,5,1062,48,1086.4274,37.597477
255,6,818,434,846.01514,430.27698
256,1,100,237,138.50604,249.80132
256,2,215,226,248.72234,236.88841
256,3,368,194,394.9067,202.26042
256,4,675,218,697.3579,217.6166
256,5,1062,48,1088.1407,37.702976
256,6,818,434,847.50665,430.21503
257,1,100,237,139.38058,249.70396
257,2,215,226,249.63579,236.94476
257,3,368,194,395.96878,202.34334
257,4,675,218,698.4631,217.80661
257,5,1062,48,1089.5826,38.001984
257,6,818,434,848.36176,430.51056
258,1,100,237,141.0257,249.98119
258,2,215,226,251.13531,237.1063
258,3,368,194,397.8876,202.57658
258,4,675,218,700.17316,218.05734
258,5,1062,48,1091.3208,38.212402
258,6,818,434,850.16144,430.8854
259,1,100,237,142.05516,249.95493
259,2,215,226,252.2038,237.03471
259,3,368,194,398.86472,202.64888
259,4,675,218,701.1666,218.11766
259,5,1062,48,1092.0775,38.251328
259,6,818,434,851.0945,430.94116
260,1,100,237,142.79605,250.1557
260,2,215,226,253.01651,237.31729
260,3,368,194,399.62195,202.88852
260,4,675,218,701.9384,218.37369
260,5,1062,48,1093.0665,38.299286
260,6,818,434,852.06885,430.93692
261,1,100,237,143.50903,250.02536
261,2,215,226,253.50067,237.19025
261,3,368,194,400.0021,202.51324
261,4,675,218,702.4551,217.80592
261,5,1062,48,1093.6732,37.55812
261,6,818,434,852.8885,430.5488
262,1,100,237,144.04208,249.74031
262,2,215,226,254.21164,236.71414
262,3,368,194,400.57376,202.25108
262,4,675,218,703.00665,217.4887
262,5,1062,48,1094.6681,36.860218
262,6,818,434,853.1506,430.13324
263,1,100,237,145.0469,249.7279
263,2,215,226,255.1933,236.75381
263,3,368,194,401.7115,202.21893
263,4,675,218,704.48956,217.58156
263,5,1062,48,1095.9714,37.050613
263,6,818,434,854.1937,430.3131
264,1,100,237,145.77756,249.8556
264,2,215,226,255.7823,236.83136
264,3,368,194,402.101,202.22226
264,4,675,218,705.1442,217.6848
264,5,1062,48,1096.587,36.92074
264,6,818,434,854.9298,430.58942
265,1,100,237,146.10065,249.67067
265,2,215,226,256.18472,236.49371
265,3,368,194,402.8043,202.07582
265,4,675,218,705.4701,217.10208
265,5,1062,48,1097.1575,36.367035
265,6,818,434,855.3221,430.10242
266,1,100,237,146.48926,250.06068
266,2,215,226,256.80914,237.04715
266,3,368,194,403.03098,202.38554
266,4,675,218,706.0886,217.7741
266,5,1062,48,1097.48,36.531635
266,6,818,434,855.9369,430.31525
267,1,100,237,146.41074,250.10684
267,2,215,226,256.62152,237.19608
267,3,368,194,403.02313,202.46126
267,4,675,218,705.9554,217.79286
267,5,1062,48,1097.2195,36.318893
267,6,818,434,856.0396,430.32413
268,1,100,237,147.58008,250.24983
268,2,215,226,257.7038,237.15733
268,3,368,194,404.03897,202.22215
268,4,675,218,707.00775,217.66724
268,5,1062,48,1098.4209,35.91339
268,6,818,434,856.8474,430.2475
269,1,100,237,147.85449,250.81535
269,2,215,226,257.85825,237.64053
269,3,368,194,404.12903,202.7451
269,4,675,218,706.9852,217.7964
269,5,1062,48,1098.6482,35.917953
269,6,818,434,857.2422,430.5085
270,1,100,237,148.57832,250.82378
270,2,215,226,258.5155,237.67406
270,3,368,194,404.7567,202.8037
270,4,675,218,707.61115,217.84155
270,5,1062,48,1099.3,35.619522
270,6,818,434,857.5096,430.37186
271,1,100,237,149.17223,250.71014
271,2,215,226,259.1692,237.66617
271,3,368,194,405.34,202.73248
271,4,675,218,708.4247,217.61275
271,5,1062,48,1100.2821,35.62283
271,6,818,434,858.20447,430.23904
272,1,100,237,149.29631,250.3463
272,2,215,226,259.35748,237.13954
272,3,368,194,405.55133,202.34082
272,4,675,218,708.37476,216.92546
272,5,1062,48,1100.5629,34.878773
272,6,818,434,858.81165,429.60617
273,1,100,237,149.50052,251.0321
273,2,215,226,259.43097,237.741
273,3,368,194,405.7073,202.86305
273,4,675,218,708.6714,217.79881
273,5,1062,48,1100.7898,35.00642
273,6,818,434,858.91046,429.96005
274,1,100,237,149.75143,250.84186
274,2,215,226,259.84137,237.50108
274,3,368,194,405.84723,202.49454
274,4,675,218,708.954,217.09167
274,5,1062,48,1101.212,34.128075
274,6,818,434,859.2069,429.3205
275,1,100,237,150.76163,250.57147
275,2,215,226,260.6494,237.21823
275,3,368,194,406.98782,202.13196
275,4,675,218,710.2513,216.56206
275,5,1062,48,1102.3517,33.632927
275,6,818,434,860.56647,428.99194
276,1,100,237,150.19498,250.86089
276,2,215,226,260.3134,237.50076
276,3,368,194,406.70447,202.31927
276,4,675,218,709.8838,216.86505
276,5,1062,48,1102.1726,33.588554
276,6,818,434,859.9772,429.38162
277,1,100,237,150.50275,251.07918
277,2,215,226,260.83014,237.6807
277,3,368,194,407.19922,202.40689
277,4,675,218,710.5431,217.07906
277,5,1062,48,1102.639,33.690357
277,6,818,434,860.64124,429.54846
278,1,100,237,150.50359,251.05705
278,2,215,226,260.86676,237.73822
278,3,368,194,407.8194,202.56294
278,4,675,218,710.80414,217.17491
278,5,1062,48,1102.795,34.032417
278,6,818,434,860.80426,429.87286
279,1,100,237,150.21292,250.45154
279,2,215,226,260.70172,237.2761
279,3,368,194,407.5785,202.10461
279,4,675,218,710.9153,216.94363
279,5,1062,48,1102.524,33.849213
279,6,818,434,860.9371,429.61606
280,1,100,237,150.36809,250.00648
280,2,215,226,260.8591,236.87328
280,3,368,194,407.9684,201.85226
280,4,675,218,711.302,216.6349
280,5,1062,48,1102.5718,34.14565
280,6,818,434,860.64667,429.44928
281,1,100,237,150.39667,249.71214
281,2,215,226,260.8412,236.47739
281,3,368,194,408.1315,201.62448
281,4,675,218,711.32947,216.62431
281,5,1062,48,1102.5698,34.613827
281,6,818,434,860.92645,429.61084
282,1,100,237,150.2053,249.36052
282,2,215,226,260.90036,236.24011
282,3,368,194,408.00943,201.35971
282,4,675,218,711.4723,216.56926
282,5,1062,48,1102.1395,34.843876
282,6,818,434,860.76794,429.3675
283,1,100,237,150.29654,249.76068
283,2,215,226,260.8722,236.44899
283,3,368,194,408.3043,201.54909
283,4,675,218,711.3355,216.72054
283,5,1062,48,1101.7477,35.286858
283,6,818,434,861.0429,429.65677
284,1,100,237,150.58604,249.76234
284,2,215,226,261.1598,236.33473
284,3,368,194,408.2829,201.40408
284,4,675,218,711.78033,216.8171
284,5,1062,48,1101.7218,35.041817
284,6,818,434,861.4375,429.0352
285,1,100,237,150.91586,249.55942
285,2,215,226,261.5172,236.29234
285,3,368,194,408.44092,201.2529
285,4,675,218,711.545,216.29654
285,5,1062,48,1101.7181,34.551598
285,6,818,434,861.73505,428.69937
286,1,100,237,150.40848,249.19702
286,2,215,226,261.11157,235.92044
286,3,368,194,408.16763,200.93098
286,4,675,218,711.37103,215.74768
286,5,1062,48,1101.4371,34.277386
286,6,818,434,861.06647,428.1464
287,1,100,237,150.4689,249.71434
287,2,215,226,261.06268,236.37456
287,3,368,194,408.12012,201.38095
287,4,675,218,711.1545,216.22311
287,5,1062,48,1101.4608,34.567387
287,6,818,434,860.8447,428.6494
288,1,100,237,150.51013,249.2285
288,2,215,226,261.56464,235.96373
288,3,368,194,408.80722,200.92754
288,4,675,218,712.0106,215.89569
288,5,1062,48,1101.9204,34.310127
288,6,818,434,861.24084,428.00436
289,1,100,237,150.53252,249.15216
289,2,215,226,261.50116,235.9763
289,3,368,194,408.85016,200.9958
289,4,675,218,711.8614,216.04404
289,5,1062,48,1101.886,34.768875
289,6,818,434,861.3991,428.07907
290,1,100,237,149.99579,248.71751
290,2,215,226,260.80838,235.43764
290,3,368,194,408.5107,200.72284
290,4,675,218,711.656,215.98616
290,5,1062,48,1101.4089,34.747936
290,6,818,434,860.97437,428.10773
291,1,100,237,150.31499,248.66049
291,2,215,226,261.36658,235.25288
291,3,368,194,409.0979,200.5337
291,4,675,218,712.1664,215.81894
291,5,1062,48,1101.7794,34.831337
291,6,818,434,861.68506,428.1648
292,1,100,237,150.01535,249.10098
292,2,215,226,261.2374,235.92628
292,3,368,194,408.73462,201.05392
292,4,675,218,711.8851,216.41992
292,5,1062,48,1101.4863,35.431805
292,6,818,434,861.299,428.36395
293,1,100,237,150.25948,248.94298
293,2,215,226,261.42773,235.66649
293,3,368,194,409.02405,200.74222
293,4,675,218,712.28705,215.82378
293,5,1062,48,1101.4668,34.758156
293,6,818,434,861.8618,428.14197
294,1,100,237,150.23022,248.90869
294,2,215,226,261.39362,235.60847
294,3,368,194,408.98325,200.76913
294,4,675,218,712.23737,215.75067
294,5,1062,48,1101.258,34.761093
294,6,818,434,861.9517,427.82245
295,1,100,237,150.11691,249.1106
295,2,215,226,261.35706,235.69945
295,3,368,194,408.9271,200.77158
295,4,675,218,712.1923,215.66962
295,5,1062,48,1101.2034,34.26707
295,6,818,434,862.0552,427.7456
296,1,100,237,150.07138,249.28755
296,2,215,226,261.197,235.97238
296,3,368,194,408.92014,200.78793
296,4,675,218,712.1622,215.61244
296,5,1062,48,1101.1699,34.02981
296,6,818,434,862.23346,427.70706
297,1,100,237,150.03339,249.7393
297,2,215,226,260.96442,236.14601
297,3,368,194,408.43655,200.82718
297,4,675,218,711.8893,215.59671
297,5,1062,48,1100.4745,33.51274
297,6,818,434,862.2532,427.56775
298,1,100,237,150.20654,249.20854
298,2,215,226,261.32095,235.74379
298,3,368,194,408.3189,200.24962
298,4,675,218,711.7483,214.91264
298,5,1062,48,1100.3993,32.73069
298,6,818,434,861.94617,426.34174
299,1,100,237,150.53087,249.34549
299,2,215,226,261.46716,235.74065
299,3,368,194,408.6123,200.39755
299,4,675,218,711.97186,214.77025
299,5,1062,48,1100.5878,32.522232
299,6,818,434,862.26495,426.3077
300,1,100,237,150.56062,249.3289
300,2,215,226,261.5144,235.79198
300,3,368,194,408.68378,200.48537
300,4,675,218,712.03754,214.96593
300,5,1062,48,1101.0485,33.0783
300,6,818,434,862.1549,426.50723
301,1,100,237,150.35559,249.03163
301,2,215,226,261.4877,235.60294
301,3,368,194,408.77823,200.48862
301,4,675,218,712.11255,215.13531
301,5,1062,48,1101.5193,33.57205
301,6,818,434,861.709,427.10516
302,1,100,237,150.27829,248.77657
302,2,215,226,261.34027,235.47118
302,3,368,194,409.0861,200.27399
302,4,675,218,712.4515,215.08405
302,5,1062,48,1101.7128,34.022614
302,6,818,434,861.8357,427.2236
303,1,100,237,149.89673,248.2131
303,2,215,226,261.18442,234.89389
303,3,368,194,409.09717,199.65762
303,4,675,218,712.51733,215.36092
303,5,1062,48,1101.5011,33.845924
303,6,818,434,861.91095,427.09604
304,1,100,237,149.96936,248.2936
304,2,215,226,261.41376,234.9868
304,3,368,194,409.25916,199.92686
304,4,675,218,712.98773,215.53159
304,5,1062,48,1101.5126,34.78457
304,6,818,434,862.32513,427.58344
305,1,100,237,150.0458,247.79962
305,2,215,226,261.40723,234.5639
305,3,368,194,409.3443,199.6584
305,4,675,218,712.6187,215.38217
305,5,1062,48,1101.4728,34.605537
305,6,818,434,862.23663,427.5252
306,1,100,237,150.66003,248.11612
306,2,215,226,261.94934,234.91783
306,3,368,194,409.9235,199.98462
306,4,675,218,713.3333,215.52777
306,5,1062,48,1101.9323,34.996353
306,6,818,434,862.7472,427.64825
307,1,100,237,150.7941,248.0608
307,2,215,226,262.06488,234.75912
307,3,368,194,410.1398,199.7502
307,4,675,218,713.2952,215.04433
307,5,1062,48,1101.8816,34.611977
307,6,818,434,862.5556,427.31314
308,1,100,237,150.66745,248.14276
308,2,215,226,261.9928,234.8908
308,3,368,194,409.89096,199.88998
308,4,675,218,713.3133,215.0195
308,5,1062,48,1101.7251,34.431145
308,6,818,434,862.6887,427.1508
309,1,100,237,150.83875,248.21518
309,2,215,226,262.04456,234.87476
309,3,368,194,410.0187,199.86757
309,4,675,218,713.5263,215.14113
309,5,1062,48,1101.6976,33.82241
309,6,818,434,862.9019,426.93625
310,1,100,237,151.40253,248.51294
310,2,215,226,262.57642,235.26009
310,3,368,194,410.36768,200.07118
310,4,675,218,713.78613,215.22505
310,5,1062,48,1102.2908,34.20161
310,6,818,434,862.9859,427.18314
311,1,100,237,150.64674,248.1757
311,2,215,226,261.98584,234.89363
311,3,368,194,410.10355,199.88028
311,4,675,218,713.58167,215.24017
311,5,1062,48,1102.151,34.2192
311,6,818,434,862.5293,427.39084
312,1,100,237,150.60864,248.13676
312,2,215,226,261.99762,234.8666
312,3,368,194,410.14713,199.87148
312,4,675,218,713.6752,215.27956
312,5,1062,48,1102.1569,34.868675
312,6,818,434,862.5441,427.35214
313,1,100,237,150.56999,248.1008
313,2,215,226,262.0111,234.83847
313,3,368,194,410.1925,199.86388
313,4,675,218,713.77466,215.29755
313,5,1062,48,1102.1577,34.86584
313,6,818,434,862.7393,427.34637
314,1,100,237,150.59735,248.09727
314,2,215,226,262.08258,234.78296
314,3,368,194,410.26974,199.88736
314,4,675,218,713.84875,215.24718
314,5,1062,48,1101.9436,34.883022
314,6,818,434,862.81464,427.27664
315,1,100,237,150.63109,248.0877
315,2,215,226,262.17493,234.74638
315,3,368,194,410.5669,199.98015
315,4,675,218,714.1167,215.11232
315,5,1062,48,1102.4125,34.719727
315,6,818,434,862.9163,427.25784
316,1,100,237,150.68378,248.04942
316,2,215,226,262.25098,234.62303
316,3,368,194,410.91315,199.54375
316,4,675,218,714.4835,214.76797
316,5,1062,48,1102.7009,34.188667
316,6,818,434,863.05505,427.12518
317,1,100,237,150.52469,247.89948
317,2,215,226,262.03943,234.39513
317,3,368,194,410.5257,199.49391
317,4,675,218,714.4155,214.77219
317,5,1062,48,1102.0216,34.216522
317,6,818,434,863.0575,426.93268
318,1,100,237,150.80684,247.9997
318,2,215,226,262.5606,234.77028
318,3,368,194,410.96155,199.60873
318,4,675,218,714.6633,215.18439
318,5,1062,48,1102.1703,34.70037
318,6,818,434,863.5144,426.93796
319,1,100,237,150.88348,247.77348
319,2,215,226,262.69452,234.56804
319,3,368,194,410.8078,199.46614
319,4,675,218,714.70325,215.02505
319,5,1062,48,1102.1759,34.458225
319,6,818,434,863.643,426.6944
320,1,100,237,150.8823,247.96718
320,2,215,226,262.6941,234.56818
320,3,368,194,410.80908,199.468
320,4,675,218,714.70325,215.02505
320,5,1062,48,1102.1548,34.416496
320,6,818,434,863.69995,426.6313
321,1,100,237,150.89401,248.07558
321,2,215,226,262.67322,234.77075
321,3,368,194,410.95563,199.62218
321,4,675,218,714.7935,215.03073
321,5,1062,48,1102.1052,34.275387
321,6,818,434,863.4334,426.327
322,1,100,237,151.0213,247.63083
322,2,215,226,262.67206,234.26222
322,3,368,194,410.97543,199.11775
322,4,675,218,714.7075,214.49481
322,5,1062,48,1102.1511,33.61572
322,6,818,434,863.67975,425.93832
323,1,100,237,151.2331,247.81854
323,2,215,226,262.94067,234.39394
323,3,368,194,411.2611,199.24982
323,4,675,218,715.0558,214.41881
323,5,1062,48,1102.7546,33.892536
323,6,818,434,863.66437,426.11874
324,1,100,237,151.13736,247.82745
324,2,215,226,262.8244,234.40427
324,3,368,194,411.03656,199.2944
324,4,675,218,714.7901,214.47488
324,5,1062,48,1102.203,34.13416
324,6,818,434,863.7801,425.9837
325,1,100,237,151.46057,247.1814
325,2,215,226,263.26373,234.08237
325,3,368,194,411.81683,199.02907
325,4,675,218,715.5929,214.44545
325,5,1062,48,1102.8557,34.0337
325,6,818,434,864.0406,425.68863
326,1,100,237,151.09143,247.11345
326,2,215,226,262.91663,233.93047
326,3,368,194,411.50076,198.96156
326,4,675,218,715.1802,214.2772
326,5,1062,48,1102.7499,34.19775
326,6,818,434,863.8546,425.84338
327,1,100,237,150.7734,247.35336
327,2,215,226,262.76315,234.016
327,3,368,194,411.32483,198.82426
327,4,675,218,715.18384,214.30125
327,5,1062,48,1102.4459,34.13909
327,6,818,434,863.885,425.92395
328,1,100,237,150.77838,247.3819
328,2,215,226,262.74643,234.02718
328,3,368,194,411.36307,198.8924
328,4,675,218,715.21454,214.31497
328,5,1062,48,1102.5275,34.16676
328,6,818,434,864.2275,425.8344
329,1,100,237,151.4046,247.80052
329,2,215,226,263.0901,234.29533
329,3,368,194,411.6842,199.31007
329,4,675,218,715.7636,214.70085
329,5,1062,48,1102.6709,34.26569
329,6,818,434,864.4687,425.83304
330,1,100,237,151.24754,247.32861
330,2,215,226,263.16855,234.02173
330,3,368,194,411.82837,198.9032
330,4,675,218,715.8622,214.5848
330,5,1062,48,1102.7714,33.959377
330,6,818,434,864.5509,425.78574
331,1,100,237,151.29959,247.07498
331,2,215,226,263.19,233.93423
331,3,368,194,411.8338,198.86038
331,4,675,218,715.6503,214.40656
331,5,1062,48,1102.7983,34.026577
331,6,818,434,864.643,425.61673
332,1,100,237,151.29791,247.06903
332,2,215,226,263.18756,233.95078
332,3,368,194,411.9629,198.90073
332,4,675,218,715.668,214.4989
332,5,1062,48,1102.7458,34.144226
332,6,818,434,864.6566,425.7434
333,1,100,237,151.25027,246.83812
333,2,215,226,263.08966,233.47495
333,3,368,194,411.92297,198.33
333,4,675,218,715.9681,213.99188
333,5,1062,48,1102.7673,33.949196
333,6,818,434,864.8351,425.09747
334,1,100,237,151.2119,246.9952
334,2,215,226,263.21857,233.6937
334,3,368,194,411.81232,198.80258
334,4,675,218,715.66125,214.27461
334,5,1062,48,1102.3512,34.135227
334,6,818,434,864.6591,425.58173
335,1,100,237,151.43117,247.02467
335,2,215,226,263.33475,233.81155
335,3,368,194,412.2082,198.75331
335,4,675,218,715.94885,214.24614
335,5,1062,48,1103.0161,34.109127
335,6,818,434,864.958,425.6269
336,1,100,237,151.19983,246.96098
336,2,215,226,263.27838,233.75449
336,3,368,194,412.08322,198.76033
336,4,675,218,715.8588,214.38478
336,5,1062,48,1102.9052,34.414066
336,6,818,434,864.4359,425.81503
337,1,100,237,151.2374,246.8117
337,2,215,226,263.23138,233.69966
337,3,368,194,412.04642,198.74536
337,4,675,218,715.8817,214.32338
337,5,1062,48,1102.9711,34.732517
337,6,818,434,864.2165,425.82773
338,1,100,237,151.05035,246.70114
338,2,215,226,263.14377,233.54239
338,3,368,194,412.2668,198.66171
338,4,675,218,715.9384,214.24863
338,5,1062,48,1102.9135,34.986904
338,6,818,434,864.4042,425.61716
339,1,100,237,150.35632,246.25151
339,2,215,226,262.67035,233.05681
339,3,368,194,411.83572,198.18051
339,4,675,218,715.98096,214.18073
339,5,1062,48,1102.4757,34.80829
339,6,818,434,864.1582,425.4756
340,1,100,237,150.41714,246.37306
340,2,215,226,262.7902,233.37846
340,3,368,194,411.9753,198.52005
340,4,675,218,715.993,214.34995
340,5,1062,48,1102.4783,35.274403
340,6,818,434,864.52026,425.8079
341,1,100,237,150.86725,246.59335
341,2,215,226,263.05774,233.35948
341,3,368,194,412.0027,198.43584
341,4,675,218,716.116,214.2509
341,5,1062,48,1102.8308,35.029892
341,6,818,434,864.5351,425.9819
342,1,100,237,150.88737,246.49472
342,2,215,226,263.30856,233.11551
342,3,368,194,412.24084,198.18959
342,4,675,218,716.4321,214.00533
342,5,1062,48,1102.9052,34.499664
342,6,818,434,864.2269,425.73044
343,1,100,237,149.31064,246.24129
343,2,215,226,262.11993,233.0698
343,3,368,194,412.16614,198.13503
343,4,675,218,716.14124,214.20436
343,5,1062,48,1102.9935,35.17474
343,6,818,434,862.6275,425.6557
344,1,100,237,148.63313,246.9334
344,2,215,226,261.92404,233.40823
344,3,368,194,412.88623,198.63322
344,4,675,218,717.2723,214.99852
344,5,1062,48,1102.975,36.961433
344,6,818,434,862.65094,426.37994
345,1,100,237,145.67166,245.14427
345,2,215,226,260.00433,231.98695
345,3,368,194,412.03964,197.29132
345,4,675,218,717.36975,214.5097
345,5,1062,48,1101.3799,38.265804
345,6,818,434,861.72107,425.04196
346,1,100,237,140.27417,244.10948
346,2,215,226,255.25412,231.13397
346,3,368,194,408.5007,196.67934
346,4,675,218,714.7716,214.77339
346,5,1062,48,1096.9653,39.8561
346,6,818,434,859.2379,425.0495
347,1,100,237,134.2893,243.06685
347,2,215,226,249.6801,230.16214
347,3,368,194,403.48047,195.67828
347,4,675,218,710.21716,214.16496
347,5,1062,48,1091.0258,40.621178
347,6,818,434,855.3358,424.68735
348,1,100,237,130.19536,242.992
348,2,215,226,245.72623,230.08524
348,3,368,194,399.45367,195.59924
348,4,675,218,706.8665,214.69333
348,5,1062,48,1086.1788,41.29156
348,6,818,434,852.74774,424.99457
349,1,100,237,128.75955,243.10251
349,2,215,226,243.90196,230.10678
349,3,368,194,397.24866,195.67221
349,4,675,218,704.7118,214.73102
349,5,1062,48,1083.4526,40.98519
349,6,818,434,851.3927,424.89154
350,1,100,237,128.62851,243.23425
350,2,215,226,243.42577,230.15288
350,3,368,194,396.35938,195.64995
350,4,675,218,703.2271,213.9445
350,5,1062,48,1082.6616,39.384087
350,6,818,434,850.28,424.60474
351,1,100,237,128.89648,243.82898
351,2,215,226,243.42816,230.63805
351,3,368,194,395.81186,195.91864
351,4,675,218,702.38495,213.60757
351,5,1062,48,1082.4911,38.333263
351,6,818,434,849.52826,424.17337
352,1,100,237,129.03278,243.76767
352,2,215,226,243.48666,230.54951
352,3,368,194,395.66022,195.85933
352,4,675,218,701.9531,213.5763
352,5,1062,48,1082.4509,37.636414
352,6,818,434,849.1228,424.01978
353,1,100,237,129.12582,243.72876
353,2,215,226,243.4053,230.44812
353,3,368,194,395.48688,195.6837
353,4,675,218,701.19165,213.23305
353,5,1062,48,1082.4739,37.114216
353,6,818,434,848.57513,424.04404
354,1,100,237,129.11356,243.45491
354,2,215,226,243.40248,230.32295
354,3,368,194,395.2537,195.63383
354,4,675,218,701.09814,213.08917
354,5,1062,48,1082.6384,36.917553
354,6,818,434,848.2247,423.99664
355,1,100,237,129.0939,243.41005
355,2,215,226,243.30562,230.31007
355,3,368,194,394.87076,195.61577
355,4,675,218,700.5275,213.22755
355,5,1062,48,1082.3226,36.90721
355,6,818,434,847.7328,424.2697
356,1,100,237,129.20987,243.2359
356,2,215,226,243.3585,230.11356
356,3,368,194,394.74902,195.43866
356,4,675,218,700.5109,213.19513
356,5,1062,48,1082.3185,36.907932
356,6,818,434,847.5449,424.25568
357,1,100,237,129.2341,243.36266
357,2,215,226,243.27858,230.31891
357,3,368,194,394.66342,195.82411
357,4,675,218,699.8277,213.3659
357,5,1062,48,1081.9193,37.37364
357,6,818,434,847.1509,424.46777
358,1,100,237,129.77989,243.50868
358,2,215,226,243.35742,230.33762
358,3,368,194,394.5813,195.89548
358,4,675,218,699.6861,213.40755
358,5,1062,48,1081.9198,37.370167
358,6,818,434,847.3708,424.6735
359,1,100,237,130.0564,243.50471
359,2,215,226,243.58481,230.57832
359,3,368,194,394.55548,195.93411
359,4,675,218,699.5387,213.44986
359,5,1062,48,1082.113,37.12201
359,6,818,434,847.2047,424.46182
360,1,100,237,129.97687,242.99365
360,2,215,226,243.53766,229.9906
360,3,368,194,394.39886,195.28494
360,4,675,218,699.604,212.98164
360,5,1062,48,1082.1592,36.66035
360,6,818,434,847.02155,423.93665
361,1,100,237,129.93658,243.03143
361,2,215,226,243.37862,230.05359
361,3,368,194,394.50345,195.7311
361,4,675,218,699.22833,213.17874
361,5,1062,48,1082.0778,37.38476
361,6,818,434,846.8507,424.60748
362,1,100,237,129.96957,242.33969
362,2,215,226,243.67113,229.53853
362,3,368,194,394.32855,195.26857
362,4,675,218,699.3978,212.92688
362,5,1062,48,1082.6465,37.399014
362,6,818,434,846.48944,424.34872
363,1,100,237,129.90771,242.42946
363,2,215,226,243.66277,229.62726
363,3,368,194,394.38675,195.24954
363,4,675,218,699.3072,213.18639
363,5,1062,48,1082.6865,37.94505
363,6,818,434,846.7399,424.7884
364,1,100,237,129.79161,242.41214
364,2,215,226,243.36421,229.55515
364,3,368,194,394.09146,195.3352
364,4,675,218,699.11523,213.29369
364,5,1062,48,1082.5153,37.984703
364,6,818,434,846.3265,424.79538
365,1,100,237,130.31519,242.66403
365,2,215,226,243.6668,229.96547
365,3,368,194,394.35022,195.58632
365,4,675,218,699.00275,213.49142
365,5,1062,48,1082.6633,37.918983
365,6,818,434,846.79346,425.18738
366,1,100,237,130.86453,242.73907
366,2,215,226,244.24292,229.74306
366,3,368,194,394.3502,195.36113
366,4,675,218,699.1782,213.12761
366,5,1062,48,1082.8513,37.086994
366,6,818,434,846.9613,424.74164
367,1,100,237,130.79903,243.06119
367,2,215,226,243.89888,230.1698
367,3,368,194,394.07062,195.78093
367,4,675,218,698.77466,213.40118
367,5,1062,48,1082.7013,37.074028
367,6,818,434,846.39667,424.84476
368,1,100,237,131.1528,242.78769
368,2,215,226,244.19054,229.70851
368,3,368,194,394.1356,195.24664
368,4,675,218,698.8995,212.74307
368,5,1062,48,1082.8518,35.882668
368,6,818,434,846.64655,423.86124
369,1,100,237,131.26254,242.80246
369,2,215,226,244.19052,229.7085
369,3,368,194,394.13095,195.24826
369,4,675,218,698.90375,212.51486
369,5,1062,48,1082.9125,35.33962
369,6,818,434,846.5938,423.7638
370,1,100,237,131.3291,242.511
370,2,215,226,244.02766,229.4985
370,3,368,194,394.08978,195.02136
370,4,675,218,698.4288,211.96223
370,5,1062,48,1082.933,34.890182
370,6,818,434,846.2033,423.22327
371,1,100,237,131.27728,242.81117
371,2,215,226,244.10542,229.73117
371,3,368,194,393.93515,195.2296
371,4,675,218,698.32983,212.10387
371,5,1062,48,1082.9445,34.92805
371,6,818,434,846.4315,423.5457
372,1,100,237,131.97403,243.0132
372,2,215,226,244.73906,230.0033
372,3,368,194,394.27756,195.41658
372,4,675,218,698.5889,212.47504
372,5,1062,48,1083.4645,35.118076
372,6,818,434,846.5841,423.7872
373,1,100,237,131.38785,242.91434
373,2,215,226,244.3258,229.84734
373,3,368,194,394.1377,195.35837
373,4,675,218,698.37585,212.15146
373,5,1062,48,1083.4562,35.127487
373,6,818,434,846.18274,423.86252
374,1,100,237,131.23694,241.91252
374,2,215,226,244.22202,228.96118
374,3,368,194,394.12775,194.69742
374,4,675,218,698.4498,211.92976
374,5,1062,48,1083.2863,35.02765
374,6,818,434,845.5808,423.33383
375,1,100,237,131.35153,241.52612
375,2,215,226,244.35242,228.74817
375,3,368,194,394.20837,194.47202
375,4,675,218,698.67535,212.2322
375,5,1062,48,1083.63,35.520824
375,6,818,434,845.786,423.5505
376,1,100,237,131.14084,241.24657
376,2,215,226,244.26762,228.48242
376,3,368,194,394.2394,194.41367
376,4,675,218,698.72675,212.23822
376,5,1062,48,1083.4637,35.848297
376,6,818,434,845.8599,423.59308
377,1,100,237,131.50995,241.20099
377,2,215,226,244.53622,228.48228
377,3,368,194,394.6019,194.31438
377,4,675,218,699.1075,212.07516
377,5,1062,48,1083.8538,35.876408
377,6,818,434,846.12305,423.8682
378,1,100,237,131.00659,241.38387
378,2,215,226,244.23221,228.57147
378,3,368,194,394.2408,194.43195
378,4,675,218,698.6014,212.47124
378,5,1062,48,1083.5103,36.32363
378,6,818,434,845.6621,424.18723
379,1,100,237,131.18675,241.0134
379,2,215,226,244.33531,228.2502
379,3,368,194,394.47107,194.19582
379,4,675,218,698.93066,212.1348
379,5,1062,48,1083.6118,36.14864
379,6,818,434,846.01086,423.95236
380,1,100,237,131.65558,241.18121
380,2,215,226,244.80362,228.35829
380,3,368,194,394.97647,194.2251
380,4,675,218,699.40314,211.81631
380,5,1062,48,1083.8096,36.077454
380,6,818,434,846.7056,423.6575
381,1,100,237,131.66144,241.39322
381,2,215,226,244.95659,228.61967
381,3,368,194,394.85065,194.30717
381,4,675,218,699.3751,211.9346
381,5,1062,48,1083.6898,36.096283
381,6,818,434,846.8648,423.6944
382,1,100,237,131.8447,241.72939
382,2,215,226,245.0106,228.73172
382,3,368,194,394.8305,194.39877
382,4,675,218,699.3374,211.99667
382,5,1062,48,1083.7172,36.035324
382,6,818,434,846.7324,423.7753
383,1,100,237,132.25952,242.01566
383,2,215,226,245.19089,229.16277
383,3,368,194,395.162,194.98491
383,4,675,218,699.596,212.90465
383,5,1062,48,1084.1764,36.088257
383,6,818,434,846.81494,424.58765
384,1,100,237,132.19164,241.33467
384,2,215,226,245.07584,228.76053
384,3,368,194,395.1066,194.52637
384,4,675,218,699.1053,212.37537
384,5,1062,48,1084.2262,36.092506
384,6,818,434,845.99133,424.45
385,1,100,237,131.48436,240.83447
385,2,215,226,244.42897,228.29124
385,3,368,194,394.34396,194.17932
385,4,675,218,698.95416,212.50682
385,5,1062,48,1083.9417,36.41979
385,6,818,434,844.9698,424.37814
386,1,100,237,131.45155,240.31519
386,2,215,226,244.76659,227.89522
386,3,368,194,395.04987,193.86577
386,4,675,218,699.30725,212.06007
386,5,1062,48,1084.2289,36.59543
386,6,818,434,845.61554,424.14426
387,1,100,237,131.61266,240.39462
387,2,215,226,244.95374,227.7502
387,3,368,194,395.32687,193.74292
387,4,675,218,699.7702,212.159
387,5,1062,48,1084.0596,36.618034
387,6,818,434,846.29224,423.85403
388,1,100,237,131.19261,240.4861
388,2,215,226,244.67604,227.91673
388,3,368,194,394.8673,193.94531
388,4,675,218,699.2844,211.92842
388,5,1062,48,1083.4554,36.63264
388,6,818,434,846.35846,423.67432
389,1,100,237,131.906,240.5256
389,2,215,226,244.93039,227.92471
389,3,368,194,395.07773,193.66492
389,4,675,218,699.22003,211.36252
389,5,1062,48,1083.3984,35.86077
389,6,818,434,846.41473,423.3516
390,1,100,237,131.9394,240.84866
390,2,215,226,244.90962,228.09924
390,3,368,194,394.938,193.81776
390,4,675,218,699.0186,211.49513
390,5,1062,48,1083.4984,35.609295
390,6,818,434,846.3712,423.1538
391,1,100,237,132.36575,240.97533
391,2,215,226,245.14618,228.15176
391,3,368,194,394.99057,193.93053
391,4,675,218,699.1595,211.26772
391,5,1062,48,1083.7396,35.33184
391,6,818,434,846.5827,422.9353
392,1,100,237,132.20499,240.77228
392,2,215,226,245.08067,228.03636
392,3,368,194,394.98117,193.75061
392,4,675,218,699.23285,210.91148
392,5,1062,48,1083.744,34.71226
392,6,818,434,846.4231,422.09393
393,1,100,237,132.2287,241.00781
393,2,215,226,245.0808,228.189
393,3,368,194,394.98285,193.92047
393,4,675,218,699.311,210.9888
393,5,1062,48,1084.1815,34.634937
393,6,818,434,846.6387,422.09512
394,1,100,237,131.94092,241.14474
394,2,215,226,244.91792,228.3703
394,3,368,194,394.76077,193.98534
394,4,675,218,699.3379,210.98953
394,5,1062,48,1084.1757,34.372078
394,6,818,434,846.6715,422.41766
395,1,100,237,132.23857,240.8849
395,2,215,226,245.03586,228.12422
395,3,368,194,394.94794,193.8975
395,4,675,218,699.3673,211.00589
395,5,1062,48,1085.1309,34.08555
395,6,818,434,846.9259,422.59818
396,1,100,237,132.18883,240.78877
396,2,215,226,244.94264,228.06592
396,3,368,194,394.93826,193.60991
396,4,675,218,699.3384,211.03374
396,5,1062,48,1085.3629,33.86644
396,6,818,434,846.4583,422.92987
397,1,100,237,132.23799,240.89261
397,2,215,226,244.92616,228.14108
397,3,368,194,394.9432,193.97955
397,4,675,218,699.84985,211.5732
397,5,1062,48,1085.6902,34.103554
397,6,818,434,846.3161,423.29935
398,1,100,237,132.15591,240.77779
398,2,215,226,244.85855,228.10315
398,3,368,194,394.97736,193.58846
398,4,675,218,699.6475,211.35214
398,5,1062,48,1085.8328,33.857994
398,6,818,434,846.3926,422.80508
399,1,100,237,131.86441,240.9715
399,2,215,226,244.8149,228.11534
399,3,368,194,394.98758,193.57547
399,4,675,218,699.8216,210.92801
399,5,1062,48,1085.8191,33.076538
399,6,818,434,846.5269,422.3681
400,1,100,237,131.52472,241.43913
400,2,215,226,244.50146,228.38617
400,3,368,194,394.7402,193.63208
400,4,675,218,699.7389,210.80849
400,5,1062,48,1085.0477,32.266693
400,6,818,434,846.88055,422.0558
401,1,100,237,132.02234,242.08888
401,2,215,226,244.84721,228.92342
401,3,368,194,394.73145,194.02351
401,4,675,218,699.8545,210.69453
401,5,1062,48,1084.9609,31.918032
401,6,818,434,847.63306,421.77527
402,1,100,237,132.65474,242.10765
402,2,215,226,245.13086,228.65276
402,3,368,194,394.91965,193.53616
402,4,675,218,699.82166,209.7219
402,5,1062,48,1084.9536,30.495821
402,6,818,434,847.83527,420.7415
403,1,100,237,133.05814,242.39249
403,2,215,226,245.49034,229.01059
403,3,368,194,395.07794,193.80322
403,4,675,218,699.89453,209.53784
403,5,1062,48,1085.3934,29.699652
403,6,818,434,847.7629,420.6722
404,1,100,237,133.05568,242.48125
404,2,215,226,245.63116,228.94556
404,3,368,194,395.1128,193.72838
404,4,675,218,699.6348,209.36748
404,5,1062,48,1085.1903,29.454662
404,6,818,434,847.4964,420.16885
405,1,100,237,133.10371,242.129
405,2,215,226,245.70576,228.68127
405,3,368,194,394.9589,193.30183
405,4,675,218,699.76074,208.9536
405,5,1062,48,1085.2822,29.239603
405,6,818,434,847.5924,419.79868
406,1,100,237,132.4341,242.15427
406,2,215,226,245.20695,228.62819
406,3,368,194,394.78647,193.31192
406,4,675,218,699.7662,208.95073
406,5,1062,48,1085.4082,29.35414
406,6,818,434,847.49567,419.7554
407,1,100,237,132.4159,242.02882
407,2,215,226,245.15031,228.46017
407,3,368,194,394.7618,193.19107
407,4,675,218,699.7706,208.94542
407,5,1062,48,1085.2821,28.993723
407,6,818,434,847.6417,419.85907
408,1,100,237,132.43913,242.00317
408,2,215,226,245.05537,228.46016
408,3,368,194,394.69693,193.20277
408,4,675,218,699.7942,208.92905
408,5,1062,48,1085.2776,28.990088
408,6,818,434,847.7965,419.90118
409,1,100,237,133.16513,241.99704
409,2,215,226,245.8585,228.46153
409,3,368,194,395.35196,193.12286
409,4,675,218,700.0536,208.7936
409,5,1062,48,1085.8168,28.53314
409,6,818,434,847.9667,419.84918
410,1,100,237,133.17764,242.01256
410,2,215,226,245.84135,228.4424
410,3,368,194,395.13803,193.18053
410,4,675,218,699.9303,208.95128
410,5,1062,48,1085.9865,28.767866
410,6,818,434,847.8547,419.94382
411,1,100,237,133.03528,241.52321
411,2,215,226,245.58698,227.97412
411,3,368,194,394.97763,192.72331
411,4,675,218,699.59283,208.43854
411,5,1062,48,1085.8387,28.22328
411,6,818,434,847.68805,419.81488
412,1,100,237,132.90146,241.88148
412,2,215,226,245.46342,228.07213
412,3,368,194,394.78555,192.92902
412,4,675,218,699.2989,208.23036
412,5,1062,48,1085.7075,28.361446
412,6,818,434,847.703,420.1301
413,1,100,237,132.94688,241.85793
413,2,215,226,245.39557,228.06497
413,3,368,194,394.7467,192.96414
413,4,675,218,699.278,208.12358
413,5,1062,48,1084.8634,37.7036
413,6,818,434,847.8482,419.6975
414,1,100,237,133.43987,242.215
414,2,215,226,245.88701,228.63266
414,3,368,194,394.81857,193.15004
414,4,675,218,699.3711,208.06648
414,5,1062,48,1085.0669,37.515415
414,6,818,434,848.3855,419.847
415,1,100,237,133.69922,242.1086
415,2,215,226,245.91426,228.36058
415,3,368,194,394.8452,192.9485
415,4,675,218,699.47754,207.87259
415,5,1062,48,1085.0814,37.1097
415,6,818,434,848.1225,419.23587
416,1,100,237,134.1052,241.73853
416,2,215,226,246.23096,228.03465
416,3,368,194,395.25815,192.71896
416,4,675,218,699.62036,208.15178
416,5,1062,48,1085.6278,37.001427
416,6,818,434,847.97565,419.21655
417,1,100,237,133.76562,241.57864
417,2,215,226,246.00658,227.97318
417,3,368,194,395.2094,192.68642
417,4,675,218,699.5661,208.1911
417,5,1062,48,1085.513,37.184162
417,6,818,434,847.795,419.4827
418,1,100,237,133.62466,241.28496
418,2,215,226,246.03487,227.72818
418,3,368,194,394.9815,192.44041
418,4,675,218,699.6285,208.1335
418,5,1062,48,1086.1122,27.972223
418,6,818,434,847.9288,419.61264
419,1,100,237,133.68842,240.88261
419,2,215,226,245.91382,227.38396
419,3,368,194,394.98062,192.20345
419,4,675,218,699.71014,208.05408
419,5,1062,48,1086.086,28.224562
419,6,818,434,847.8913,419.7196
420,1,100,237,133.82071,240.56944
420,2,215,226,246.07835,226.97453
420,3,368,194,395.13168,191.90204
420,4,675,218,699.7577,208.0087
420,5,1062,48,1086.3159,28.11865
420,6,818,434,848.01044,419.82034
421,1,100,237,134.25073,240.27739
421,2,215,226,246.86983,226.96214
421,3,368,194,395.95935,191.94441
421,4,675,218,700.29645,207.77426
421,5,1062,48,1086.8346,28.374115
421,6,818,434,848.0708,419.84366
422,1,100,237,133.89676,239.86874
422,2,215,226,246.30621,226.60266
422,3,368,194,395.68274,191.5606
422,4,675,218,700.13293,207.60841
422,5,1062,48,1086.3623,28.404377
422,6,818,434,847.6513,419.33716
423,1,100,237,133.62454,239.8749
423,2,215,226,246.09055,226.44539
423,3,368,194,395.3686,191.37279
423,4,675,218,700.0258,207.5742
423,5,1062,48,1086.1075,28.65579
423,6,818,434,847.6944,419.26892
424,1,100,237,134.27289,239.74638
424,2,215,226,246.59656,226.49135
424,3,368,194,396.00812,191.56049
424,4,675,218,700.5595,207.94075
424,5,1062,48,1086.5431,29.04802
424,6,818,434,848.3563,419.2021
425,1,100,237,133.97546,239.78824
425,2,215,226,246.35426,226.39667
425,3,368,194,395.67648,191.46646
425,4,675,218,700.2639,207.6379
425,5,1062,48,1086.307,28.9537
425,6,818,434,848.0097,419.52185
426,1,100,237,134.06247,239.59157
426,2,215,226,246.41826,226.24062
426,3,368,194,395.892,191.54593
426,4,675,218,700.195,207.66718
426,5,1062,48,1086.2584,29.094233
426,6,818,434,847.8268,419.40176
427,1,100,237,134.10413,239.13231
427,2,215,226,246.62148,225.96683
427,3,368,194,395.80676,191.21053
427,4,675,218,700.1036,207.44226
427,5,1062,48,1086.3574,28.96396
427,6,818,434,847.74475,419.27603
428,1,100,237,134.30203,239.0725
428,2,215,226,246.80692,225.93394
428,3,368,194,396.0714,191.18332
428,4,675,218,700.17334,207.33434
428,5,1062,48,1086.719,29.216305
428,6,818,434,847.95764,419.1862
429,1,100,237,134.3176,239.07822
429,2,215,226,246.7563,225.97968
429,3,368,194,396.0541,191.21904
429,4,675,218,700.20337,207.38423
429,5,1062,48,1086.7776,29.468615
429,6,818,434,848.0067,419.0011
430,1,100,237,134.15979,239.67844
430,2,215,226,246.70288,226.60095
430,3,368,194,396.10425,191.75638
430,4,675,218,700.4924,207.87584
430,5,1062,48,1086.7668,30.064686
430,6,818,434,848.1288,419.70114
431,1,100,237,134.28554,239.50403
431,2,215,226,246.66542,226.3453
431,3,368,194,396.1764,191.59077
431,4,675,218,700.53827,208.164
431,5,1062,48,1086.7302,29.781593
431,6,818,434,848.439,419.1917
432,1,100,237,134.15591,239.6018
432,2,215,226,246.57396,226.39333
432,3,368,194,395.91754,191.59721
432,4,675,218,700.2779,207.69312
432,5,1062,48,1086.5494,29.312899
432,6,818,434,848.48804,419.0971
433,1,100,237,134.81468,239.30434
433,2,215,226,247.16684,225.98181
433,3,368,194,396.21875,191.03247
433,4,675,218,700.6496,207.33519
433,5,1062,48,1087.4927,28.156475
433,6,818,434,848.9584,418.5567
434,1,100,237,134.93625,239.77339
434,2,215,226,247.04224,226.2672
434,3,368,194,396.01505,191.2617
434,4,675,218,700.4944,207.0207
434,5,1062,48,1086.8179,37.22285
434,6,818,434,848.80646,418.75244
435,1,100,237,134.92175,240.02092
435,2,215,226,247.11205,226.72362
435,3,368,194,396.14313,191.5768
435,4,675,218,700.4624,207.02148
435,5,1062,48,1086.8777,37.135002
435,6,818,434,848.75745,418.74
436,1,100,237,134.9298,239.93646
436,2,215,226,247.09248,226.4907
436,3,368,194,396.128,191.54433
436,4,675,218,700.5077,207.40437
436,5,1062,48,1087.0765,37.17315
436,6,818,434,848.70496,418.73245
437,1,100,237,135.08289,239.77263
437,2,215,226,247.28035,226.29912
437,3,368,194,396.17267,191.211
437,4,675,218,700.7826,207.14633
437,5,1062,48,1087.364,36.79159
437,6,818,434,848.78186,418.59775
438,1,100,237,134.80582,240.00264
438,2,215,226,247.10963,226.51378
438,3,368,194,395.92822,191.3407
438,4,675,218,700.43066,206.94212
438,5,1062,48,1086.912,36.572933
438,6,818,434,848.6956,418.72284
439,1,100,237,134.9919,240.07913
439,2,215,226,247.24661,226.65611
439,3,368,194,396.19946,191.41014
439,4,675,218,700.78613,207.15242
439,5,1062,48,1087.1996,36.95497
439,6,818,434,848.81866,418.70386
440,1,100,237,135.05652,239.97583
440,2,215,226,247.20302,226.48639
440,3,368,194,396.25415,191.33797
440,4,675,218,700.8443,207.11366
440,5,1062,48,1087.294,36.977123
440,6,818,434,848.9825,418.58322
441,1,100,237,134.71454,240.31628
441,2,215,226,247.10286,226.79376
441,3,368,194,396.11203,191.49864
441,4,675,218,700.79584,207.24934
441,5,1062,48,1086.9692,36.996086
441,6,818,434,848.8248,418.6489
442,1,100,237,134.79654,240.31894
442,2,215,226,246.99174,226.84845
442,3,368,194,396.42984,191.56561
442,4,675,218,700.8263,207.27937
442,5,1062,48,1086.9066,37.036396
442,6,818,434,848.9959,418.4502
443,1,100,237,135.182,240.57993
443,2,215,226,247.49731,226.99309
443,3,368,194,396.74533,191.74979
443,4,675,218,701.2415,207.10223
443,5,1062,48,1087.3502,36.961403
443,6,818,434,849.6049,418.52167
444,1,100,237,135.1814,240.57994
444,2,215,226,247.45752,226.95815
444,3,368,194,396.81598,191.7476
444,4,675,218,701.3017,206.94666
444,5,1062,48,1087.4287,36.415043
444,6,818,434,849.39355,418.33948
445,1,100,237,135.0972,240.23495
445,2,215,226,247.70381,226.776
445,3,368,194,396.84235,191.4472
445,4,675,218,701.6875,207.18332
445,5,1062,48,1087.6335,36.269028
445,6,818,434,849.66833,418.1817
446,1,100,237,135.07828,240.0361
446,2,215,226,247.73395,226.58554
446,3,368,194,397.0225,191.13956
446,4,675,218,702.01404,206.74811
446,5,1062,48,1087.6342,36.268826
446,6,818,434,849.89825,417.9975
447,1,100,237,135.05664,239.93022
447,2,215,226,247.47675,226.22183
447,3,368,194,397.0174,190.8411
447,4,675,218,701.63837,206.4792
447,5,1062,48,1087.1731,36.12428
447,6,818,434,849.93176,417.81537
448,1,100,237,135.6489,239.81854
448,2,215,226,248.07216,226.09358
448,3,368,194,397.57022,190.89447
448,4,675,218,702.1913,206.22734
448,5,1062,48,1087.7946,36.002068
448,6,818,434,850.31244,417.6592
449,1,100,237,135.1578,239.61398
449,2,215,226,247.70715,225.98605
449,3,368,194,397.07764,190.63261
449,4,675,218,701.73627,206.31197
449,5,1062,48,1086.9664,35.832527
449,6,818,434,849.64276,417.35782
450,1,100,237,135.6083,239.77452
450,2,215,226,248.13954,226.08412
450,3,368,194,397.74652,190.79764
450,4,675,218,702.3842,206.12825
450,5,1062,48,1087.6451,36.196
450,6,818,434,850.4823,417.43427
